date,MOEX,MOEXBC,RTSI,USD,EUR,BRENT,y_0_25,y_0_5,y_0_75,y_1,y_2,y_3,y_5,y_7,y_10,y_15,y_20,y_30
2021-01-12,3471.65,22899.91,1484.96,74.5157,90.8123,56.58000183105469,4.16,4.18,4.23,4.29,4.63,4.99,5.58,5.99,6.38,6.73,6.91,7.07
2021-01-13,3470.26,22925.91,1486.77,74.2663,90.3227,56.060001373291016,4.2,4.23,4.29,4.35,4.67,5.01,5.58,5.98,6.39,6.76,6.95,7.13
2021-01-14,3490.85,23017.13,1500.58,73.5264,89.7831,56.41999816894531,4.17,4.22,4.28,4.36,4.73,5.09,5.67,6.07,6.47,6.85,7.04,7.22
2021-01-19,3443.23,22567.45,1470.63,73.9735,89.3304,55.900001525878906,4.09,4.15,4.23,4.31,4.7,5.08,5.67,6.07,6.46,6.82,7.01,7.17
2021-01-20,3466.8,22743.47,1486.9,73.7243,89.2064,56.08000183105469,4.13,4.16,4.21,4.29,4.68,5.08,5.71,6.11,6.5,6.84,7.02,7.18
2021-01-21,3422.67,22444.48,1463.84,73.355,89.1483,56.099998474121094,4.12,4.16,4.22,4.3,4.72,5.16,5.81,6.23,6.63,6.98,7.15,7.29
2021-01-26,3390.76,22166.01,1422.95,74.8569,91.1458,55.90999984741211,4.19,4.22,4.28,4.35,4.75,5.16,5.81,6.23,6.62,6.95,7.11,7.26
2021-01-27,3343.62,21850.36,1393.02,75.6354,91.6701,55.810001373291016,4.26,4.28,4.32,4.39,4.76,5.16,5.79,6.22,6.61,6.97,7.14,7.3
2021-01-28,3342.01,21854.25,1384.64,75.04,91.2186,55.529998779296875,4.22,4.24,4.28,4.35,4.74,5.15,5.78,6.2,6.59,6.93,7.11,7.26
2021-02-02,3360.25,21938.89,1398.99,75.5053,91.5426,57.459999084472656,4.16,4.2,4.27,4.36,4.77,5.18,5.82,6.25,6.67,7.04,7.22,7.39
2021-02-03,3343.46,21826.48,1387.0,75.9051,91.625,58.459999084472656,4.19,4.23,4.3,4.38,4.77,5.16,5.78,6.21,6.65,7.04,7.23,7.41
2021-02-04,3372.0,22043.57,1402.71,76.0801,91.5624,58.84000015258789,4.16,4.21,4.28,4.36,4.73,5.11,5.7,6.13,6.55,6.93,7.13,7.32
2021-02-09,3426.86,22354.42,1457.87,74.2602,89.4019,61.09000015258789,4.3,4.31,4.36,4.42,4.8,5.2,5.81,6.22,6.63,7.0,7.17,7.33
2021-02-10,3399.66,22164.98,1448.31,74.1192,89.5286,61.470001220703125,4.39,4.4,4.44,4.5,4.86,5.26,5.88,6.31,6.72,7.07,7.24,7.4
2021-02-11,3414.32,22277.6,1461.33,73.8526,89.5684,61.13999938964844,4.45,4.48,4.53,4.61,4.99,5.38,5.99,6.4,6.79,7.13,7.3,7.45
2021-02-16,3495.26,22881.29,1494.58,73.3092,88.9754,63.349998474121094,4.62,4.65,4.71,4.78,5.16,5.58,6.22,6.61,6.97,7.27,7.41,7.56
2021-02-17,3436.8,22416.43,1462.35,73.2895,88.9441,64.33999633789062,4.57,4.6,4.65,4.72,5.09,5.5,6.13,6.53,6.89,7.19,7.33,7.46
2021-02-18,3400.17,22153.03,1446.7,73.7669,89.0809,63.93000030517578,4.58,4.61,4.66,4.73,5.12,5.55,6.21,6.6,6.95,7.24,7.38,7.52
2021-02-19,3457.68,22514.91,1472.33,73.7755,88.87,62.90999984741211,4.56,4.58,4.62,4.69,5.07,5.51,6.18,6.59,6.94,7.23,7.38,7.51
2021-02-25,3409.76,22071.28,1450.39,73.7532,89.6691,66.87999725341797,4.58,4.6,4.66,4.74,5.21,5.72,6.4,6.76,7.06,7.3,7.42,7.54
2021-03-02,3410.1,22063.21,1452.48,74.0448,89.4461,62.70000076293945,4.64,4.61,4.65,4.72,5.17,5.64,6.26,6.6,6.87,7.08,7.19,7.31
2021-03-03,3416.04,22094.11,1453.61,74.5755,89.5652,64.06999969482422,4.64,4.61,4.64,4.72,5.18,5.65,6.25,6.55,6.8,7.0,7.1,7.2
2021-03-04,3397.56,21990.7,1454.67,73.5187,88.8768,66.73999786376953,4.66,4.63,4.67,4.74,5.21,5.7,6.32,6.64,6.89,7.1,7.19,7.29
2021-03-10,3463.06,22595.65,1479.57,74.264,88.1736,67.9000015258789,4.76,4.73,4.78,4.87,5.4,5.88,6.46,6.74,6.98,7.17,7.27,7.36
2021-03-11,3508.51,22910.15,1505.22,74.0393,87.9587,69.62999725341797,4.74,4.73,4.79,4.9,5.44,5.92,6.49,6.78,7.02,7.21,7.3,7.39
2021-03-16,3589.83,23382.94,1552.81,73.2317,87.3508,68.38999938964844,4.83,4.86,4.94,5.05,5.58,6.03,6.6,6.89,7.11,7.27,7.36,7.44
2021-03-17,3507.91,22804.15,1493.66,72.9619,86.9852,68.0,4.95,4.98,5.06,5.16,5.64,6.08,6.66,6.98,7.2,7.37,7.46,7.55
2021-03-18,3504.85,22731.19,1488.72,73.1019,86.9693,63.279998779296875,4.96,4.99,5.06,5.16,5.66,6.13,6.75,7.06,7.25,7.39,7.47,7.57
2021-03-23,3467.21,22474.24,1435.67,74.6085,88.6573,60.790000915527344,5.03,5.09,5.2,5.33,5.89,6.35,6.92,7.2,7.38,7.5,7.56,7.64
2021-03-24,3485.33,22606.04,1437.18,75.3585,89.767,64.41000366210938,4.94,5.0,5.1,5.23,5.8,6.27,6.84,7.11,7.28,7.4,7.47,7.56
2021-03-25,3439.3,22265.8,1417.16,76.1535,90.0515,61.95000076293945,4.79,4.86,4.99,5.13,5.74,6.18,6.72,6.98,7.16,7.3,7.37,7.45
2021-03-30,3525.23,22743.64,1460.32,75.8287,89.349,64.13999938964844,4.77,4.86,4.99,5.14,5.73,6.18,6.74,7.03,7.23,7.38,7.45,7.53
2021-03-31,3541.72,22832.06,1477.11,75.7023,88.8821,63.540000915527344,4.75,4.84,4.98,5.14,5.75,6.22,6.8,7.08,7.27,7.4,7.47,7.55
2021-04-01,3527.54,22722.81,1457.37,75.6373,88.7452,64.86000061035156,4.8,4.88,5.01,5.15,5.75,6.21,6.79,7.08,7.27,7.39,7.46,7.55
2021-04-06,3493.89,22386.49,1426.86,76.6052,89.9958,62.7400016784668,4.8,4.9,5.05,5.22,5.87,6.38,6.97,7.25,7.43,7.55,7.62,7.72
2021-04-07,3500.34,22429.24,1429.51,76.3802,90.1821,63.15999984741211,4.79,4.91,5.07,5.25,5.91,6.41,7.0,7.28,7.44,7.54,7.6,7.68
2021-04-08,3507.83,22466.4,1440.43,77.773,92.3321,63.20000076293945,4.75,4.91,5.09,5.28,5.93,6.43,7.0,7.28,7.46,7.59,7.66,7.75
2021-04-13,3526.3,22522.21,1458.51,77.5104,92.0669,63.66999816894531,4.8,4.91,5.05,5.2,5.78,6.22,6.77,7.04,7.23,7.36,7.42,7.5
2021-04-14,3576.89,22944.22,1490.0,77.2535,91.9162,66.58000183105469,4.93,5.0,5.11,5.23,5.75,6.21,6.81,7.11,7.27,7.38,7.45,7.54
2021-04-15,3568.51,22858.43,1474.85,75.6826,90.5391,66.94000244140625,4.85,4.92,5.02,5.14,5.66,6.11,6.7,7.0,7.19,7.31,7.38,7.47
2021-04-20,3552.41,22706.21,1455.43,76.2491,91.476,66.56999969482422,4.95,5.0,5.09,5.19,5.68,6.14,6.75,7.05,7.24,7.36,7.43,7.53
2021-04-21,3561.72,22731.61,1464.17,76.0155,91.7507,65.31999969482422,5.08,5.11,5.18,5.27,5.71,6.12,6.68,6.98,7.16,7.29,7.36,7.46
2021-04-22,3600.35,22969.94,1501.77,76.8198,92.2913,65.4000015258789,5.2,5.26,5.34,5.42,5.8,6.16,6.67,6.96,7.16,7.31,7.39,7.48
2021-04-27,3600.6,22941.53,1516.01,74.768,90.4468,66.41999816894531,5.12,5.22,5.32,5.43,5.85,6.21,6.69,6.98,7.21,7.37,7.44,7.52
2021-04-28,3578.12,22837.67,1509.06,74.9578,90.4666,67.2699966430664,5.06,5.17,5.29,5.4,5.83,6.18,6.67,6.96,7.21,7.39,7.46,7.55
2021-04-29,3571.05,22819.38,1510.72,74.939,90.4289,68.55999755859375,5.01,5.15,5.28,5.41,5.83,6.18,6.67,6.97,7.21,7.39,7.48,7.56
2021-05-05,3643.56,23332.24,1535.67,75.2567,90.451,68.95999908447266,5.07,5.21,5.34,5.47,5.88,6.19,6.62,6.9,7.16,7.36,7.45,7.54
2021-05-06,3658.27,23420.18,1550.64,74.8617,89.7742,68.08999633789062,5.09,5.23,5.35,5.47,5.88,6.19,6.61,6.89,7.15,7.35,7.44,7.54
2021-05-12,3654.14,23382.2,1548.02,74.1567,90.004,69.31999969482422,5.23,5.35,5.46,5.57,5.95,6.27,6.74,7.04,7.3,7.48,7.57,7.67
2021-05-13,3637.38,23303.93,1546.93,74.04,89.8475,67.05000305175781,5.21,5.33,5.44,5.55,5.92,6.24,6.7,7.0,7.25,7.44,7.54,7.64
2021-05-18,3687.96,23702.57,1574.32,73.8537,89.6584,68.70999908447266,5.22,5.36,5.48,5.59,5.96,6.28,6.75,7.03,7.27,7.46,7.55,7.65
2021-05-19,3634.76,23374.65,1552.91,73.6992,89.9057,66.66000366210938,5.21,5.35,5.48,5.6,5.98,6.28,6.71,6.98,7.23,7.43,7.53,7.62
2021-05-20,3636.16,23296.86,1558.72,73.6778,90.1006,65.11000061035156,5.23,5.36,5.48,5.59,5.98,6.28,6.7,6.98,7.24,7.45,7.54,7.63
2021-05-25,3686.76,23669.61,1580.69,73.5266,89.6877,68.6500015258789,5.3,5.41,5.52,5.62,5.99,6.28,6.71,7.0,7.25,7.43,7.51,7.62
2021-05-26,3711.05,23841.66,1590.58,73.3963,89.9545,68.87000274658203,5.45,5.56,5.67,5.76,6.08,6.34,6.74,7.0,7.23,7.41,7.5,7.6
2021-05-27,3738.68,23994.77,1603.67,73.4737,89.9392,69.45999908447266,5.5,5.65,5.77,5.86,6.1,6.33,6.73,7.0,7.24,7.43,7.52,7.6
2021-06-01,3764.59,24149.65,1614.21,73.2965,89.3778,70.25,5.64,5.76,5.87,5.95,6.18,6.42,6.8,7.05,7.26,7.43,7.52,7.6
2021-06-02,3817.68,24592.98,1643.66,73.2411,89.5958,71.3499984741211,5.67,5.79,5.9,5.98,6.23,6.46,6.82,7.06,7.26,7.43,7.52,7.61
2021-06-03,3805.45,24552.44,1636.51,73.4979,89.6895,71.30999755859375,5.75,5.85,5.94,6.02,6.29,6.53,6.87,7.09,7.29,7.44,7.52,7.6
2021-06-08,3807.43,24501.09,1656.46,72.9294,88.653,72.22000122070312,5.77,5.9,6.02,6.11,6.4,6.65,6.98,7.19,7.37,7.51,7.58,7.65
2021-06-09,3843.28,24754.11,1674.75,72.8256,88.6433,72.22000122070312,5.76,5.91,6.04,6.14,6.44,6.65,6.95,7.13,7.29,7.41,7.46,7.51
2021-06-10,3827.71,24585.04,1677.36,72.0829,87.8114,72.5199966430664,5.81,5.92,6.02,6.1,6.38,6.6,6.89,7.07,7.23,7.36,7.42,7.49
2021-06-16,3829.67,24582.53,1679.02,71.8318,87.211,74.38999938964844,5.82,5.99,6.13,6.25,6.59,6.78,6.97,7.08,7.21,7.3,7.34,7.37
2021-06-17,3819.07,24534.66,1664.38,72.0323,87.3536,73.08000183105469,5.77,5.94,6.09,6.22,6.55,6.74,6.92,7.03,7.16,7.24,7.26,7.28
2021-06-22,3821.68,24504.65,1645.59,73.1987,86.8942,74.80999755859375,5.75,5.91,6.06,6.18,6.54,6.73,6.93,7.04,7.17,7.25,7.28,7.31
2021-06-23,3837.15,24605.87,1666.21,73.1661,87.0677,75.19000244140625,5.73,5.9,6.05,6.19,6.55,6.75,6.93,7.03,7.14,7.22,7.25,7.27
2021-06-24,3823.44,24508.29,1664.94,72.6671,86.7137,75.55999755859375,5.73,5.89,6.03,6.16,6.54,6.74,6.94,7.05,7.15,7.23,7.26,7.28
2021-06-29,3790.85,24299.77,1640.08,72.1777,86.1657,74.76000213623047,5.77,5.96,6.12,6.28,6.72,6.92,7.06,7.12,7.2,7.26,7.28,7.3
2021-06-30,3841.85,24642.75,1653.78,72.3723,86.2026,75.12999725341797,5.71,5.91,6.09,6.25,6.72,6.93,7.08,7.14,7.21,7.27,7.3,7.33
2021-07-01,3858.32,24822.33,1656.61,72.7234,86.5118,75.83999633789062,5.78,6.03,6.23,6.4,6.81,6.97,7.07,7.11,7.18,7.25,7.28,7.3
2021-07-06,3884.3,24987.31,1644.99,73.354,87.0272,74.52999877929688,5.86,6.06,6.23,6.37,6.76,6.94,7.08,7.13,7.2,7.25,7.28,7.3
2021-07-07,3895.1,25037.21,1641.42,73.266,87.0034,73.43000030517578,5.91,6.12,6.29,6.44,6.83,7.0,7.12,7.16,7.22,7.27,7.3,7.31
2021-07-08,3861.08,24811.22,1627.64,74.058,87.5588,74.12000274658203,5.93,6.14,6.31,6.44,6.78,6.95,7.09,7.15,7.21,7.26,7.28,7.29
2021-07-13,3877.03,24895.67,1648.84,74.6336,88.605,76.48999786376953,6.09,6.29,6.44,6.56,6.85,6.98,7.09,7.16,7.24,7.3,7.32,7.32
2021-07-14,3832.85,24618.24,1625.77,74.0589,87.782,74.76000213623047,6.14,6.3,6.44,6.55,6.83,6.95,7.07,7.15,7.23,7.3,7.33,7.34
2021-07-15,3799.97,24377.38,1612.08,74.1236,87.3917,73.47000122070312,6.18,6.32,6.45,6.55,6.8,6.92,7.05,7.14,7.24,7.32,7.34,7.36
2021-07-20,3704.4,23773.08,1567.28,74.3463,87.6097,69.3499984741211,6.25,6.36,6.46,6.54,6.73,6.8,6.92,7.04,7.16,7.25,7.28,7.3
2021-07-21,3722.96,23901.84,1586.12,74.491,87.7727,72.2300033569336,6.21,6.33,6.43,6.51,6.67,6.74,6.85,6.96,7.07,7.15,7.17,7.18
2021-07-22,3754.44,24114.63,1599.74,74.4947,87.5983,73.79000091552734,6.35,6.44,6.51,6.58,6.73,6.77,6.85,6.94,7.04,7.11,7.14,7.15
2021-07-27,3733.1,23952.56,1594.64,74.098,87.3171,74.4800033569336,6.39,6.45,6.5,6.55,6.7,6.74,6.8,6.87,6.97,7.07,7.12,7.15
2021-07-28,3782.28,24305.38,1616.34,73.8471,86.9919,74.73999786376953,6.43,6.48,6.53,6.58,6.71,6.76,6.81,6.86,6.96,7.07,7.12,7.15
2021-07-29,3804.33,24422.06,1639.35,73.6088,86.9173,76.05000305175781,6.49,6.52,6.56,6.59,6.7,6.74,6.79,6.84,6.93,7.03,7.08,7.12
2021-08-03,3793.69,24372.09,1637.7,73.0156,86.7717,72.41000366210938,6.5,6.54,6.58,6.62,6.73,6.78,6.84,6.91,7.03,7.16,7.24,7.3
2021-08-04,3810.62,24446.51,1640.3,72.8724,86.5578,70.37999725341797,6.49,6.54,6.58,6.62,6.71,6.76,6.83,6.9,7.02,7.15,7.23,7.3
2021-08-05,3833.75,24577.08,1653.31,72.7857,86.4112,71.29000091552734,6.49,6.54,6.6,6.65,6.76,6.79,6.85,6.92,7.04,7.18,7.27,7.36
2021-08-10,3862.32,24713.46,1646.47,73.5078,86.4378,70.62999725341797,6.51,6.56,6.6,6.65,6.77,6.83,6.9,6.98,7.1,7.26,7.37,7.47
2021-08-11,3877.37,24817.45,1656.2,73.5962,86.3578,71.44000244140625,6.49,6.54,6.6,6.65,6.8,6.86,6.91,6.98,7.1,7.25,7.36,7.46
2021-08-12,3888.86,24913.28,1665.56,73.9695,86.6257,71.30999755859375,6.48,6.53,6.58,6.64,6.78,6.83,6.87,6.93,7.06,7.23,7.34,7.43
2021-08-17,3943.01,25302.14,1689.76,73.392,86.5072,69.02999877929688,6.49,6.52,6.56,6.6,6.72,6.78,6.83,6.88,7.02,7.22,7.37,7.53
2021-08-18,3925.17,25206.78,1675.21,73.4753,86.4804,68.2300033569336,6.45,6.49,6.54,6.58,6.72,6.78,6.85,6.93,7.07,7.28,7.44,7.61
2021-08-19,3853.98,24730.9,1635.63,73.4633,86.121,66.44999694824219,6.45,6.49,6.53,6.57,6.71,6.78,6.85,6.92,7.07,7.29,7.46,7.64
2021-08-24,3888.87,24946.02,1660.9,74.0666,86.7838,71.05000305175781,6.39,6.44,6.49,6.54,6.71,6.79,6.88,6.96,7.12,7.34,7.5,7.68
2021-08-25,3886.64,24887.76,1653.56,73.9465,86.8058,72.25,6.45,6.5,6.56,6.61,6.79,6.87,6.94,7.01,7.15,7.35,7.5,7.67
2021-08-26,3851.57,24662.51,1634.79,73.7428,86.5814,71.06999969482422,6.44,6.49,6.54,6.6,6.75,6.83,6.89,6.96,7.1,7.31,7.44,7.6
2021-08-31,3918.96,25107.6,1684.16,73.5744,86.8104,72.98999786376953,6.45,6.51,6.56,6.61,6.76,6.82,6.88,6.95,7.09,7.28,7.41,7.54
2021-09-01,3971.02,25440.94,1715.09,73.2781,86.666,71.58999633789062,6.58,6.62,6.67,6.71,6.81,6.86,6.92,6.99,7.13,7.32,7.45,7.59
2021-09-02,3990.77,25543.43,1726.61,73.1912,86.3949,73.02999877929688,6.58,6.63,6.68,6.72,6.82,6.85,6.9,6.97,7.11,7.31,7.44,7.59
2021-09-07,4010.16,25704.44,1723.91,72.9538,86.5743,71.69000244140625,6.76,6.79,6.82,6.85,6.9,6.92,6.95,7.0,7.13,7.34,7.49,7.67
2021-09-08,4017.37,25787.7,1726.53,73.1909,86.8922,72.5999984741211,6.83,6.85,6.87,6.88,6.92,6.93,6.95,6.99,7.12,7.34,7.51,7.72
2021-09-09,3993.56,25642.99,1726.37,73.4421,86.9114,71.44999694824219,6.75,6.77,6.8,6.82,6.9,6.91,6.91,6.96,7.09,7.33,7.51,7.77
2021-09-14,4055.7,26155.39,1754.6,73.0841,86.115,73.5999984741211,6.83,6.84,6.86,6.87,6.92,6.95,7.0,7.06,7.17,7.4,7.6,7.9
2021-09-15,4065.53,26278.8,1766.67,72.7171,85.988,75.45999908447266,6.89,6.9,6.9,6.9,6.93,6.95,7.01,7.07,7.19,7.43,7.64,7.94
2021-09-16,4045.1,26101.22,1755.64,72.852,86.0674,75.66999816894531,6.88,6.89,6.89,6.9,6.93,6.96,7.03,7.09,7.2,7.43,7.65,7.95
2021-09-21,3970.48,25638.25,1710.9,73.3315,85.8785,74.36000061035156,6.96,6.96,6.97,6.98,7.0,7.03,7.08,7.15,7.27,7.49,7.7,8.0
2021-09-22,4030.98,26055.17,1747.31,73.2067,85.8568,76.19000244140625,7.07,7.07,7.08,7.08,7.09,7.1,7.14,7.21,7.33,7.55,7.76,8.05
2021-09-23,4052.14,26217.75,1753.21,72.8806,85.4889,77.25,7.1,7.1,7.11,7.11,7.14,7.16,7.21,7.27,7.39,7.62,7.83,8.12
2021-09-28,4065.46,26422.31,1756.26,72.6613,85.0355,79.08999633789062,7.09,7.1,7.1,7.11,7.13,7.15,7.21,7.27,7.39,7.59,7.77,8.05
2021-09-29,4058.37,26377.13,1756.52,72.5083,84.6752,78.63999938964844,7.12,7.13,7.14,7.15,7.19,7.21,7.26,7.31,7.42,7.64,7.83,8.11
2021-09-30,4103.52,26720.38,1777.74,72.7608,84.8755,78.5199966430664,7.09,7.12,7.16,7.18,7.22,7.24,7.28,7.34,7.45,7.66,7.85,8.13
2021-10-05,4223.85,27706.43,1840.11,72.9239,84.6355,82.55999755859375,7.1,7.2,7.29,7.36,7.46,7.49,7.54,7.59,7.69,7.88,8.04,8.28
2021-10-06,4171.71,27240.03,1814.64,72.5686,84.1723,81.08000183105469,7.11,7.19,7.26,7.31,7.4,7.42,7.44,7.48,7.57,7.73,7.88,8.06
2021-10-07,4228.02,27570.23,1853.99,72.5682,83.9251,81.94999694824219,7.09,7.15,7.21,7.26,7.34,7.36,7.39,7.44,7.54,7.71,7.85,8.03
2021-10-12,4263.8,27750.43,1869.94,71.6373,82.9273,83.41999816894531,7.13,7.18,7.23,7.27,7.35,7.38,7.4,7.43,7.52,7.69,7.83,8.0
2021-10-13,4243.92,27652.53,1855.11,71.8801,83.0934,83.18000030517578,7.12,7.17,7.22,7.26,7.35,7.37,7.39,7.42,7.5,7.65,7.78,7.93
2021-10-14,4259.13,27762.41,1875.97,71.8577,83.0028,84.0,7.11,7.16,7.22,7.26,7.37,7.41,7.43,7.45,7.53,7.68,7.8,7.97
2021-10-19,4276.26,27882.86,1900.04,71.1714,82.4592,85.08000183105469,7.17,7.24,7.31,7.37,7.46,7.49,7.52,7.55,7.61,7.74,7.85,7.99
2021-10-20,4287.52,27988.15,1904.77,70.9674,82.6841,85.81999969482422,7.12,7.23,7.34,7.41,7.55,7.58,7.59,7.62,7.7,7.84,7.95,8.08
2021-10-21,4218.63,27510.37,1868.16,71.0555,82.6162,84.61000061035156,7.19,7.33,7.46,7.56,7.8,7.86,7.85,7.84,7.86,7.92,7.96,7.98
2021-10-26,4235.87,27642.22,1916.29,70.1345,81.7418,86.4000015258789,7.3,7.6,7.82,7.97,8.23,8.22,8.12,8.05,8.0,7.97,7.97,7.96
2021-10-27,4229.53,27635.87,1891.28,69.5526,80.7019,84.58000183105469,7.45,7.76,7.99,8.15,8.42,8.44,8.34,8.25,8.16,8.1,8.07,8.05
2021-10-28,4189.66,27369.45,1880.37,69.8104,81.0289,84.31999969482422,7.46,7.79,8.03,8.19,8.44,8.43,8.33,8.25,8.17,8.11,8.07,8.03
2021-11-02,4207.53,27565.94,1850.83,71.0863,82.1687,84.72000122070312,7.48,7.85,8.11,8.29,8.55,8.52,8.41,8.35,8.29,8.25,8.24,8.24
2021-11-09,4187.33,27387.81,1864.21,71.3975,82.5355,84.77999877929688,7.76,7.96,8.11,8.22,8.38,8.35,8.21,8.11,8.02,7.95,7.91,7.87
2021-11-10,4172.47,27304.76,1853.64,71.2866,82.6497,82.63999938964844,7.8,7.94,8.04,8.13,8.28,8.27,8.17,8.08,8.0,7.95,7.92,7.89
2021-11-11,4189.35,27410.16,1854.48,70.695,81.787,82.87000274658203,7.68,7.9,8.07,8.19,8.38,8.38,8.25,8.16,8.08,8.02,7.99,7.95
2021-11-16,4120.02,26903.76,1767.58,72.2724,82.7736,82.43000030517578,7.88,8.07,8.21,8.31,8.51,8.53,8.44,8.34,8.22,8.14,8.11,8.09
2021-11-17,4149.02,27116.23,1802.52,72.5553,82.5244,80.27999877929688,8.05,8.2,8.32,8.41,8.61,8.65,8.56,8.44,8.31,8.19,8.13,8.06
2021-11-18,4093.85,26704.59,1761.96,72.8228,82.3553,81.23999786376953,8.09,8.23,8.35,8.44,8.65,8.7,8.62,8.5,8.35,8.21,8.14,8.06
2021-11-23,3960.33,25858.84,1662.38,73.4506,82.7715,82.30999755859375,8.29,8.45,8.57,8.67,8.9,8.95,8.85,8.69,8.52,8.35,8.25,8.14
2021-11-24,3950.56,25800.34,1660.59,74.8327,84.1718,82.25,8.04,8.25,8.42,8.55,8.81,8.86,8.74,8.58,8.4,8.24,8.16,8.06
2021-11-30,3890.59,25453.69,1645.81,74.9818,84.482,70.56999969482422,7.78,8.06,8.26,8.42,8.71,8.73,8.59,8.46,8.35,8.26,8.21,8.16
2021-12-01,3959.29,25942.66,1687.12,74.8926,84.8234,68.87000274658203,8.03,8.25,8.41,8.53,8.74,8.73,8.6,8.49,8.4,8.31,8.27,8.23
2021-12-02,3947.54,25831.94,1690.13,73.9746,83.8354,69.66999816894531,7.94,8.19,8.38,8.52,8.75,8.73,8.59,8.49,8.4,8.32,8.28,8.23
2021-12-07,3873.2,25301.54,1647.14,73.6694,83.1138,75.44000244140625,8.14,8.33,8.47,8.58,8.79,8.81,8.74,8.67,8.58,8.49,8.45,8.41
2021-12-08,3773.61,24573.12,1612.73,74.1399,83.7114,75.81999969482422,7.98,8.21,8.38,8.51,8.75,8.76,8.68,8.59,8.5,8.42,8.39,8.37
2021-12-09,3813.29,24860.24,1632.54,73.8453,83.364,74.41999816894531,7.99,8.22,8.4,8.53,8.76,8.76,8.66,8.57,8.49,8.42,8.38,8.33
2021-12-14,3619.39,23619.22,1548.81,73.4107,82.866,73.69999694824219,7.8,8.1,8.32,8.48,8.77,8.8,8.73,8.65,8.57,8.5,8.47,8.45
2021-12-15,3621.82,23644.87,1541.0,73.4698,82.8299,73.87999725341797,7.77,8.06,8.28,8.44,8.74,8.78,8.69,8.6,8.5,8.42,8.38,8.35
2021-12-16,3750.36,24511.72,1604.7,73.851,83.2375,75.0199966430664,7.54,7.88,8.14,8.33,8.69,8.72,8.59,8.48,8.39,8.31,8.28,8.22
2021-12-21,3693.02,24142.48,1573.5,74.2947,83.6187,73.9800033569336,7.42,7.68,7.88,8.05,8.41,8.54,8.54,8.49,8.42,8.37,8.34,8.3
2021-12-22,3746.75,24507.26,1601.93,73.8206,83.3213,75.29000091552734,7.34,7.66,7.89,8.06,8.38,8.47,8.51,8.5,8.46,8.43,8.43,8.43
2021-12-23,3704.6,24222.27,1587.87,73.7901,83.1541,76.8499984741211,7.3,7.69,7.95,8.11,8.36,8.4,8.44,8.46,8.46,8.46,8.46,8.47
2021-12-28,3777.56,24710.04,1611.75,73.2329,82.9363,78.94000244140625,7.52,7.87,8.09,8.23,8.44,8.47,8.48,8.47,8.45,8.44,8.44,8.45
2021-12-29,3741.07,24440.1,1589.74,73.4959,83.2194,79.2300033569336,7.4,7.81,8.04,8.18,8.35,8.4,8.44,8.45,8.44,8.43,8.43,8.44
2022-01-11,3785.29,24751.25,1595.45,75.1315,85.1315,83.72000122070312,8.52,8.58,8.63,8.68,8.8,8.86,8.88,8.84,8.76,8.63,8.55,8.46
2022-01-12,3829.95,25088.36,1612.8,74.8355,84.8784,84.66999816894531,8.98,9.01,9.04,9.07,9.14,9.2,9.24,9.19,9.04,8.86,8.74,8.61
2022-01-13,3674.73,24022.4,1516.99,74.5277,84.6709,84.47000122070312,9.25,9.3,9.34,9.37,9.44,9.47,9.46,9.4,9.25,9.04,8.89,8.71
2022-01-18,3328.94,21602.45,1367.45,76.0404,86.8609,87.51000213623047,9.55,9.57,9.59,9.59,9.55,9.49,9.42,9.35,9.22,9.03,8.9,8.73
2022-01-19,3436.82,22425.76,1414.68,76.3347,87.0216,88.44000244140625,9.63,9.65,9.66,9.66,9.62,9.57,9.5,9.42,9.29,9.1,8.97,8.81
2022-01-20,3516.02,22995.14,1450.59,76.8697,87.1318,88.37999725341797,9.79,9.78,9.77,9.76,9.69,9.65,9.6,9.52,9.35,9.16,9.05,8.92
2022-01-25,3258.74,21344.06,1296.8,77.3649,87.5925,88.19999694824219,9.9,9.91,9.93,9.95,9.98,9.96,9.92,9.86,9.75,9.57,9.45,9.29
2022-01-26,3357.66,22024.29,1324.4,78.6422,88.9286,89.95999908447266,9.79,9.79,9.79,9.77,9.7,9.67,9.65,9.6,9.48,9.31,9.19,9.05
2022-01-27,3455.93,22755.96,1399.64,78.9437,89.1511,89.33999633789062,9.74,9.74,9.74,9.74,9.72,9.71,9.67,9.61,9.49,9.33,9.22,9.09
2022-02-01,3548.17,23366.28,1457.64,77.4702,86.5032,89.16000366210938,9.64,9.64,9.63,9.63,9.6,9.57,9.53,9.47,9.34,9.18,9.08,8.96
2022-02-02,3543.8,23359.86,1463.9,77.1302,86.7869,89.47000122070312,9.65,9.65,9.65,9.64,9.61,9.58,9.54,9.5,9.4,9.25,9.14,8.99
2022-02-03,3471.18,22856.16,1431.99,76.4849,86.2826,91.11000061035156,9.67,9.66,9.64,9.63,9.57,9.54,9.51,9.46,9.36,9.21,9.1,8.95
2022-02-08,3551.65,23383.78,1489.18,75.6806,86.5181,90.77999877929688,9.76,9.74,9.72,9.7,9.64,9.59,9.52,9.46,9.36,9.25,9.19,9.1
2022-02-09,3638.93,23938.16,1534.82,75.3042,85.892,91.55000305175781,9.78,9.76,9.75,9.74,9.69,9.63,9.54,9.48,9.41,9.31,9.25,9.17
2022-02-10,3655.76,24030.34,1546.79,74.8015,85.3784,91.41000366210938,10.15,10.13,10.11,10.1,10.11,10.08,9.97,9.86,9.74,9.59,9.5,9.38
2022-02-15,3600.29,23654.79,1498.04,76.5762,86.8451,93.27999877929688,10.01,10.06,10.09,10.1,10.11,10.06,9.91,9.76,9.6,9.48,9.42,9.35
2022-02-16,3646.41,23936.37,1524.51,76.166,86.2656,94.80999755859375,10.11,10.17,10.21,10.23,10.23,10.17,10.0,9.86,9.69,9.54,9.46,9.38
2022-02-17,3511.08,23014.29,1450.02,75.0141,85.306,92.97000122070312,10.18,10.22,10.24,10.25,10.25,10.19,10.05,9.91,9.75,9.6,9.51,9.43
2022-03-29,2408.49,15733.75,881.59,93.7125,102.6714,110.2300033569336,15.42,14.92,14.48,14.1,13.02,12.46,12.11,12.0,11.78,11.52,11.39,11.37
2022-03-30,2513.03,16325.57,949.23,86.2843,96.0085,113.44999694824219,15.14,14.57,14.09,13.69,12.57,11.92,11.4,11.26,11.23,11.18,11.13,11.07
2022-03-31,2703.51,17577.38,1021.28,84.0851,93.696,107.91000366210938,15.06,14.52,14.07,13.69,12.73,12.27,11.82,11.57,11.36,11.26,11.23,11.19
2022-04-05,2662.79,17338.77,1004.78,83.5932,92.3872,106.63999938964844,15.22,14.64,14.17,13.79,12.85,12.42,12.11,11.99,11.92,11.93,11.95,11.93
2022-04-06,2611.43,16965.7,1034.79,83.352,91.7289,101.06999969482422,15.09,14.45,13.94,13.54,12.63,12.27,12.04,11.94,11.84,11.78,11.77,11.78
2022-04-07,2635.39,17161.68,1092.41,82.5962,90.5998,100.58000183105469,13.95,13.22,12.67,12.24,11.33,11.06,10.95,10.94,10.94,10.95,10.97,10.99
2022-04-12,2540.99,16528.0,1004.7,79.1596,85.9752,104.63999938964844,15.18,13.45,12.48,11.92,11.12,10.89,10.72,10.66,10.61,10.58,10.57,10.56
2022-04-13,2528.42,16426.89,997.04,79.6274,86.7939,108.77999877929688,15.29,13.35,12.36,11.83,11.12,10.92,10.74,10.66,10.59,10.56,10.54,10.53
2022-04-14,2404.73,15597.39,941.05,79.8471,86.7219,111.69999694824219,14.58,13.16,12.37,11.91,11.23,11.0,10.79,10.69,10.62,10.57,10.57,10.57
2022-04-19,2317.46,15007.21,931.86,79.4529,86.4289,107.25,14.6,12.51,11.44,10.88,10.26,10.16,10.1,10.08,10.05,10.02,10.01,10.01
2022-04-20,2330.73,15042.91,960.42,79.0287,85.9674,106.80000305175781,14.44,12.61,11.53,10.88,10.03,9.91,9.87,9.86,9.84,9.83,9.82,9.81
2022-04-21,2271.05,14560.47,961.46,77.0809,83.2705,108.33000183105469,14.46,12.47,11.37,10.76,10.06,9.97,9.94,9.92,9.91,9.89,9.88,9.88
2022-04-26,2318.46,14984.78,999.84,73.3611,77.4651,104.98999786376953,13.79,12.08,11.05,10.45,9.82,9.88,10.03,10.1,10.15,10.18,10.19,10.2
2022-04-27,2424.28,15702.5,1049.04,72.7089,76.667,105.31999969482422,13.06,11.48,10.6,10.14,9.83,9.98,10.19,10.27,10.34,10.4,10.44,10.49
2022-04-28,2383.66,15430.06,1041.91,72.8764,75.9224,107.58999633789062,13.09,11.62,10.72,10.19,9.68,9.81,10.08,10.22,10.32,10.41,10.47,10.52
2022-05-05,2404.8,15600.17,1119.92,69.416,72.7815,110.9000015258789,13.33,11.68,10.81,10.36,10.06,10.17,10.3,10.36,10.39,10.43,10.45,10.48
2022-05-12,2297.89,14870.06,1140.05,68.8389,72.6314,107.44999694824219,12.79,11.47,10.72,10.32,10.02,10.15,10.32,10.39,10.44,10.49,10.53,10.56
2022-05-17,2424.1,15710.48,1200.81,63.4445,65.8166,111.93000030517578,13.1,11.89,11.14,10.7,10.22,10.26,10.38,10.43,10.47,10.52,10.56,10.62
2022-05-18,2445.3,15816.7,1212.57,63.5428,66.3644,109.11000061035156,13.18,11.99,11.23,10.76,10.15,10.13,10.24,10.29,10.33,10.37,10.4,10.43
2022-05-19,2436.57,15759.5,1245.71,63.5643,66.6135,112.04000091552734,13.07,11.99,11.28,10.82,10.19,10.15,10.22,10.25,10.27,10.29,10.31,10.34
2022-05-24,2293.62,14845.13,1273.73,58.2087,60.3851,113.55999755859375,12.07,11.11,10.59,10.31,9.98,9.87,9.7,9.6,9.51,9.45,9.46,9.51
2022-05-25,2340.18,15165.63,1239.07,56.969,58.8705,114.02999877929688,11.04,10.6,10.31,10.12,9.81,9.71,9.59,9.51,9.44,9.4,9.38,9.39
2022-05-26,2413.06,15716.23,1174.72,56.2996,57.921,117.4000015258789,10.59,10.37,10.21,10.1,9.93,9.85,9.69,9.57,9.47,9.4,9.38,9.39
2022-05-31,2355.75,15331.74,1208.12,63.0975,64.717,122.83999633789062,10.44,10.03,9.81,9.68,9.47,9.37,9.3,9.27,9.23,9.21,9.21,9.22
2022-06-01,2374.6,15462.08,1222.18,61.6069,62.7397,116.29000091552734,9.9,9.68,9.55,9.48,9.36,9.3,9.23,9.19,9.15,9.12,9.12,9.13
2022-06-02,2340.17,15237.41,1196.03,61.4733,63.6629,117.61000061035156,9.96,9.7,9.51,9.39,9.18,9.14,9.13,9.13,9.13,9.13,9.15,9.17
2022-06-07,2291.62,14954.65,1180.47,61.1094,64.8669,120.56999969482422,9.5,9.19,9.07,9.02,9.02,9.08,9.12,9.1,9.05,9.02,9.02,9.04
2022-06-08,2318.85,15130.03,1231.25,60.9565,64.5699,123.58000183105469,9.4,9.06,8.95,8.92,9.0,9.06,9.08,9.04,8.99,8.98,9.0,9.03
2022-06-09,2293.99,14983.32,1212.58,60.2282,63.938,123.06999969482422,9.45,9.11,9.01,9.01,9.14,9.15,9.08,9.05,9.09,9.15,9.18,9.2
2022-06-15,2318.96,15180.72,1280.38,57.0926,59.2481,118.51000213623047,9.22,9.12,9.07,9.04,9.02,9.02,9.03,9.02,8.98,8.95,8.95,8.96
2022-06-16,2369.75,15510.66,1316.75,56.6624,59.1204,119.80999755859375,9.14,9.02,8.96,8.94,8.95,8.99,9.04,9.04,8.98,8.94,8.95,8.97
2022-06-21,2358.81,15381.18,1379.97,56.1727,58.8003,114.6500015258789,9.0,8.95,8.92,8.91,8.91,8.93,8.97,8.98,8.94,8.93,8.93,8.94
2022-06-22,2373.52,15510.47,1403.36,54.7081,57.4566,111.73999786376953,8.95,8.9,8.86,8.84,8.82,8.82,8.81,8.8,8.81,8.84,8.86,8.85
2022-06-23,2404.54,15689.52,1416.41,53.2788,55.8307,110.05000305175781,8.8,8.77,8.75,8.73,8.71,8.71,8.73,8.75,8.78,8.8,8.81,8.82
2022-06-28,2408.75,15628.4,1465.57,53.3641,56.0535,117.9800033569336,8.89,8.78,8.7,8.64,8.54,8.54,8.63,8.71,8.74,8.78,8.81,8.85
2022-06-29,2378.55,15408.47,1413.01,52.9699,55.8886,116.26000213623047,8.75,8.73,8.71,8.69,8.65,8.67,8.74,8.78,8.79,8.81,8.82,8.83
2022-06-30,2204.85,14087.35,1345.01,51.158,53.858,114.80999755859375,8.7,8.64,8.61,8.6,8.63,8.69,8.79,8.84,8.84,8.85,8.87,8.88
2022-07-05,2226.64,14195.86,1146.68,55.0858,57.1836,102.7699966430664,8.22,8.29,8.36,8.44,8.66,8.78,8.89,8.93,8.94,8.98,9.0,9.01
2022-07-06,2221.88,14145.94,1101.64,58.5118,60.1618,100.69000244140625,8.09,8.16,8.23,8.29,8.51,8.66,8.81,8.88,8.95,9.05,9.09,9.11
2022-07-07,2226.65,14155.2,1132.49,62.911,64.326,104.6500015258789,8.11,8.16,8.21,8.26,8.44,8.58,8.77,8.88,8.97,9.07,9.12,9.15
2022-07-12,2133.77,13584.88,1142.37,61.3045,61.8056,99.48999786376953,7.85,7.9,7.95,8.01,8.27,8.53,8.89,9.07,9.15,9.23,9.27,9.33
2022-07-13,2073.68,13181.32,1120.34,58.8541,58.7643,99.56999969482422,8.16,8.09,8.08,8.11,8.35,8.59,8.9,9.03,9.11,9.18,9.22,9.25
2022-07-14,2063.3,13123.19,1113.97,58.5322,58.9002,99.0999984741211,8.37,8.16,8.07,8.05,8.28,8.57,8.9,9.02,9.07,9.12,9.16,9.2
2022-07-19,2071.28,13211.35,1175.04,56.5616,57.1526,107.3499984741211,8.41,8.12,8.01,8.0,8.29,8.58,8.9,9.03,9.1,9.15,9.19,9.24
2022-07-20,2075.24,13241.9,1188.91,55.437,56.4463,106.91999816894531,7.95,7.82,7.77,7.78,8.05,8.37,8.77,8.95,9.03,9.09,9.13,9.19
2022-07-21,2053.64,13076.19,1142.18,54.8491,55.826,103.86000061035156,7.42,7.34,7.34,7.39,7.75,8.08,8.49,8.69,8.83,8.95,9.01,9.08
2022-07-26,2192.42,14053.65,1136.02,57.7821,58.6741,104.4000015258789,6.97,7.04,7.12,7.22,7.62,7.97,8.44,8.7,8.91,9.07,9.14,9.21
2022-07-27,2196.22,14081.55,1153.95,58.6605,59.4068,106.62000274658203,7.05,7.1,7.17,7.25,7.6,7.92,8.39,8.65,8.86,9.03,9.11,9.2
2022-07-28,2189.16,14030.16,1137.82,60.2198,61.0032,107.13999938964844,7.15,7.12,7.14,7.19,7.51,7.85,8.37,8.67,8.89,9.06,9.15,9.25
2022-08-02,2137.3,13692.08,1116.12,62.0506,63.2468,100.54000091552734,7.61,7.48,7.43,7.42,7.63,7.93,8.39,8.67,8.88,9.05,9.13,9.21
2022-08-03,2123.92,13609.27,1105.99,60.1595,61.2656,96.77999877929688,7.42,7.37,7.36,7.39,7.64,7.93,8.38,8.65,8.84,8.98,9.06,9.13
2022-08-04,2116.58,13554.63,1104.77,60.2374,61.1243,94.12000274658203,7.42,7.36,7.36,7.4,7.72,8.05,8.48,8.7,8.87,9.02,9.09,9.16
2022-08-09,2136.8,13680.06,1116.28,60.3164,61.1615,96.30999755859375,7.37,7.38,7.42,7.47,7.75,8.03,8.44,8.69,8.91,9.08,9.15,9.23
2022-08-10,2151.5,13766.66,1118.4,60.3814,61.5542,97.4000015258789,7.34,7.36,7.41,7.48,7.79,8.1,8.56,8.81,8.98,9.11,9.18,9.25
2022-08-11,2133.11,13641.11,1106.29,60.4542,61.704,99.5999984741211,7.36,7.38,7.43,7.5,7.83,8.14,8.56,8.78,8.96,9.1,9.16,9.22
2022-08-16,2208.33,14161.33,1142.05,61.3747,62.5056,92.33999633789062,7.38,7.34,7.35,7.4,7.74,8.08,8.55,8.79,8.94,9.06,9.12,9.19
2022-08-17,2188.56,14004.85,1136.4,61.4247,62.3551,93.6500015258789,7.51,7.39,7.36,7.39,7.73,8.09,8.55,8.78,8.93,9.04,9.11,9.17
2022-08-18,2194.31,14068.73,1162.3,60.7552,61.8322,96.58999633789062,7.51,7.38,7.35,7.37,7.72,8.1,8.62,8.88,9.03,9.15,9.22,9.29
2022-08-23,2260.08,14549.44,1190.16,59.7419,59.5344,100.22000122070312,7.68,7.59,7.56,7.58,7.83,8.14,8.62,8.89,9.09,9.24,9.31,9.39
2022-08-24,2248.22,14494.39,1182.39,59.8963,59.3304,101.22000122070312,7.69,7.55,7.5,7.5,7.78,8.11,8.59,8.85,9.04,9.19,9.25,9.32
2022-08-25,2246.34,14445.26,1182.71,59.9974,59.5082,99.33999633789062,7.69,7.61,7.58,7.59,7.8,8.08,8.57,8.86,9.08,9.24,9.33,9.43
2022-08-30,2306.62,14879.42,1212.1,60.3636,59.9608,99.30999755859375,7.71,7.68,7.68,7.69,7.84,8.05,8.51,8.84,9.11,9.32,9.43,9.56
2022-08-31,2400.08,15617.35,1258.45,60.3677,60.5752,96.48999786376953,7.64,7.66,7.69,7.72,7.86,8.05,8.48,8.81,9.08,9.29,9.4,9.53
2022-09-01,2445.77,15957.55,1279.45,60.2386,60.2141,92.36000061035156,7.59,7.62,7.65,7.68,7.79,7.95,8.35,8.7,9.04,9.32,9.47,9.64
2022-09-06,2425.33,15795.16,1252.47,60.9033,60.1408,92.83000183105469,7.62,7.62,7.63,7.64,7.72,7.88,8.25,8.61,8.99,9.3,9.46,9.64
2022-09-07,2401.57,15623.91,1243.7,60.8544,60.4929,88.0,7.45,7.5,7.56,7.61,7.78,7.96,8.35,8.7,9.06,9.37,9.52,9.69
2022-09-08,2390.27,15558.35,1237.75,61.1814,60.5458,89.1500015258789,7.59,7.59,7.61,7.63,7.77,7.95,8.36,8.7,9.05,9.34,9.48,9.64
2022-09-13,2446.89,15927.87,1284.1,60.4568,61.3127,93.16999816894531,7.46,7.44,7.45,7.47,7.65,7.89,8.36,8.74,9.08,9.31,9.42,9.55
2022-09-14,2435.89,15873.05,1282.8,60.0676,60.9364,94.0999984741211,7.37,7.37,7.39,7.41,7.61,7.86,8.35,8.73,9.07,9.33,9.44,9.58
2022-09-15,2446.59,15938.81,1288.03,59.7751,59.8368,90.83999633789062,7.44,7.4,7.39,7.4,7.6,7.89,8.47,8.88,9.21,9.42,9.52,9.65
2022-09-20,2215.67,14379.04,1154.17,60.1662,60.0426,90.62000274658203,7.53,7.66,7.79,7.91,8.31,8.6,9.16,9.59,9.91,10.14,10.26,10.42
2022-09-21,2130.71,13847.89,1106.82,60.0158,60.0507,89.83000183105469,7.41,7.55,7.7,7.85,8.39,8.83,9.5,9.9,10.19,10.42,10.54,10.67
2022-09-22,2190.87,14297.6,1174.61,60.8685,60.211,90.45999908447266,7.55,7.71,7.87,8.02,8.55,8.98,9.62,10.01,10.31,10.55,10.67,10.81
2022-09-27,1953.46,12872.45,1053.46,57.999,55.9278,86.2699966430664,8.2,8.19,8.23,8.3,8.74,9.22,9.91,10.27,10.5,10.69,10.8,10.9
2022-09-28,1963.86,12930.44,1074.57,58.1756,55.9953,89.31999969482422,8.44,8.49,8.58,8.69,9.16,9.59,10.14,10.42,10.62,10.8,10.9,10.97
2022-09-29,1953.77,12905.43,1072.26,58.4485,55.7232,88.48999786376953,8.61,8.64,8.71,8.79,9.21,9.65,10.28,10.61,10.79,10.96,11.05,11.15
2022-10-04,2046.42,13423.96,1100.14,57.5664,54.3947,91.80000305175781,7.8,7.91,8.04,8.16,8.67,9.1,9.72,10.07,10.3,10.5,10.59,10.69
2022-10-05,2029.88,13309.37,1061.97,58.7913,56.1725,93.37000274658203,7.72,7.86,8.0,8.13,8.58,8.94,9.55,9.96,10.29,10.57,10.72,10.88
2022-10-06,2020.63,13238.47,1044.82,59.4043,58.0613,94.41999816894531,7.68,7.81,7.94,8.08,8.55,8.92,9.57,10.02,10.37,10.65,10.79,10.93
2022-10-11,1949.46,12634.71,964.67,62.3126,60.8019,94.29000091552734,7.72,7.92,8.1,8.26,8.7,8.98,9.51,9.91,10.26,10.55,10.7,10.87
2022-10-12,1951.65,12649.48,954.53,63.684,62.3481,92.44999694824219,7.66,7.83,7.98,8.12,8.55,8.87,9.43,9.84,10.2,10.5,10.67,10.84
2022-10-13,1955.2,12670.67,968.34,63.7559,62.5867,94.56999969482422,7.64,7.79,7.93,8.06,8.49,8.82,9.41,9.84,10.19,10.49,10.66,10.84
2022-10-18,2032.4,13167.92,1039.76,61.7634,60.5608,90.02999877929688,7.7,7.74,7.8,7.87,8.2,8.57,9.26,9.76,10.16,10.49,10.66,10.86
2022-10-19,1978.4,12800.4,1010.24,61.7032,60.53,92.41000366210938,7.72,7.71,7.73,7.77,8.08,8.46,9.22,9.75,10.18,10.53,10.71,10.91
2022-10-20,2025.51,13110.91,1041.56,61.5905,60.1086,92.37999725341797,7.68,7.63,7.63,7.66,7.95,8.34,9.17,9.74,10.16,10.46,10.61,10.8
2022-10-25,2130.65,13789.43,1090.96,61.1629,60.1575,93.5199966430664,7.63,7.59,7.59,7.62,7.93,8.35,9.19,9.76,10.18,10.48,10.64,10.83
2022-10-26,2120.58,13699.9,1088.59,61.3326,60.4648,95.69000244140625,7.54,7.53,7.56,7.62,8.01,8.44,9.27,9.81,10.17,10.42,10.57,10.75
2022-10-27,2164.64,13980.65,1105.71,61.4277,61.5682,96.95999908447266,7.42,7.45,7.52,7.6,8.03,8.45,9.25,9.78,10.16,10.43,10.56,10.73
2022-11-01,2174.35,14047.71,1118.19,61.6229,61.1196,94.6500015258789,7.49,7.52,7.59,7.69,8.17,8.67,9.49,10.01,10.37,10.65,10.8,10.97
2022-11-02,2173.84,14062.82,1108.69,61.4275,60.9668,96.16000366210938,7.37,7.39,7.46,7.55,8.06,8.6,9.46,9.98,10.35,10.64,10.8,10.98
2022-11-08,2207.2,14262.86,1143.05,61.2367,60.9013,95.36000061035156,7.51,7.53,7.59,7.68,8.17,8.69,9.54,10.08,10.48,10.8,10.98,11.17
2022-11-09,2166.56,14016.02,1113.93,60.9774,60.8231,92.6500015258789,7.51,7.5,7.55,7.62,8.08,8.58,9.44,10.0,10.42,10.74,10.9,11.09
2022-11-10,2210.02,14300.67,1150.36,61.0611,61.2445,93.66999816894531,7.49,7.46,7.49,7.55,8.0,8.53,9.42,9.98,10.39,10.72,10.89,11.08
2022-11-15,2223.26,14371.92,1159.59,60.3982,62.1554,93.86000061035156,7.34,7.37,7.44,7.53,7.99,8.46,9.29,9.83,10.19,10.44,10.58,10.76
2022-11-16,2227.19,14412.83,1163.59,60.3116,62.6297,92.86000061035156,7.2,7.27,7.38,7.49,7.97,8.44,9.26,9.81,10.23,10.53,10.69,10.87
2022-11-17,2212.93,14318.11,1151.56,60.3484,62.6675,89.77999877929688,7.31,7.32,7.37,7.44,7.87,8.35,9.23,9.8,10.23,10.54,10.71,10.9
2022-11-22,2196.04,14202.1,1142.58,60.7379,62.1245,88.36000061035156,7.33,7.35,7.4,7.48,7.9,8.37,9.25,9.86,10.32,10.66,10.84,11.05
2022-11-23,2211.89,14311.74,1147.43,60.6566,62.1774,85.41000366210938,7.29,7.32,7.38,7.46,7.87,8.33,9.21,9.81,10.25,10.58,10.75,10.95
2022-11-29,2185.32,14099.45,1128.71,60.752,63.3008,83.02999877929688,7.11,7.22,7.33,7.46,7.95,8.41,9.24,9.79,10.2,10.5,10.66,10.85
2022-11-30,2174.53,14031.22,1125.14,61.0742,63.3882,85.43000030517578,6.93,7.09,7.25,7.4,7.96,8.43,9.26,9.82,10.24,10.55,10.71,10.9
2022-12-01,2187.29,14115.62,1123.63,60.8803,63.0504,86.87999725341797,7.05,7.18,7.31,7.45,7.99,8.47,9.3,9.85,10.28,10.62,10.79,10.99
2022-12-06,2196.24,14182.32,1097.09,62.1849,65.5205,79.3499984741211,7.16,7.22,7.3,7.41,7.92,8.43,9.32,9.89,10.29,10.59,10.75,10.94
2022-12-07,2192.88,14160.76,1098.93,62.9103,66.1087,77.16999816894531,6.98,7.09,7.21,7.35,7.87,8.37,9.24,9.82,10.26,10.6,10.77,10.97
2022-12-08,2184.43,14099.32,1096.63,62.9372,65.8966,76.1500015258789,6.81,6.95,7.11,7.26,7.87,8.38,9.26,9.84,10.28,10.62,10.8,11.0
2022-12-13,2174.38,14020.32,1088.97,62.7674,66.27,80.68000030517578,6.31,6.56,6.8,7.01,7.73,8.33,9.27,9.87,10.3,10.63,10.81,11.03
2022-12-14,2159.81,13932.34,1060.74,63.212,66.7017,82.69999694824219,6.46,6.64,6.81,6.99,7.69,8.31,9.3,9.91,10.37,10.72,10.9,11.11
2022-12-15,2126.8,13707.23,1042.01,63.359,67.4478,81.20999908447266,6.61,6.71,6.84,6.99,7.65,8.28,9.31,9.93,10.36,10.67,10.84,11.03
2022-12-20,2119.37,13561.2,967.24,66.3474,70.6196,79.98999786376953,7.35,7.28,7.28,7.33,7.8,8.37,9.37,10.01,10.47,10.82,11.0,11.2
2022-12-21,2116.13,13530.12,940.03,69.0037,73.3389,82.19999694824219,7.14,7.17,7.24,7.35,7.88,8.42,9.36,9.97,10.45,10.81,11.0,11.22
2022-12-22,2122.91,13569.77,969.7,70.5256,75.0914,80.9800033569336,7.28,7.29,7.33,7.41,7.88,8.39,9.34,9.98,10.46,10.82,11.01,11.22
2022-12-27,2150.92,13765.98,960.51,68.4487,72.6226,84.33000183105469,7.2,7.29,7.4,7.52,8.04,8.54,9.38,9.93,10.37,10.7,10.88,11.07
2022-12-28,2139.77,13693.41,933.76,69.9346,74.1829,83.26000213623047,6.94,7.1,7.26,7.42,8.03,8.54,9.39,9.95,10.39,10.73,10.9,11.1
2022-12-29,2147.06,13739.29,936.8,71.3261,75.66,82.26000213623047,6.68,6.87,7.06,7.25,7.95,8.52,9.37,9.89,10.31,10.63,10.82,11.04
2023-01-10,2159.51,13837.11,974.51,70.3002,75.0785,80.0999984741211,7.01,7.11,7.22,7.36,7.95,8.52,9.43,10.0,10.43,10.76,10.93,11.11
2023-01-11,2186.98,14005.46,1002.62,69.6094,74.5438,82.66999816894531,7.04,7.14,7.26,7.39,7.97,8.53,9.41,9.96,10.39,10.71,10.88,11.07
2023-01-12,2185.93,13988.87,1015.94,69.0202,74.1361,84.02999877929688,7.02,7.14,7.27,7.42,8.01,8.54,9.39,9.95,10.38,10.71,10.88,11.07
2023-01-17,2196.84,13998.39,1002.85,68.2892,73.8298,85.91999816894531,7.03,7.15,7.28,7.41,7.94,8.46,9.34,9.95,10.45,10.86,11.07,11.3
2023-01-18,2196.26,13992.85,1006.35,68.6644,74.2646,84.9800033569336,7.07,7.18,7.3,7.44,7.98,8.49,9.36,9.95,10.45,10.85,11.06,11.29
2023-01-19,2168.83,13815.67,993.08,68.8728,74.5882,86.16000366210938,7.1,7.21,7.33,7.46,8.0,8.49,9.35,9.96,10.5,10.93,11.15,11.39
2023-01-24,2172.75,13814.63,990.41,68.6288,74.7307,86.12999725341797,7.06,7.17,7.3,7.43,7.97,8.48,9.37,9.99,10.53,10.98,11.21,11.46
2023-01-25,2170.15,13787.68,987.02,68.7529,74.6948,86.12000274658203,6.88,7.01,7.15,7.29,7.88,8.43,9.39,10.04,10.56,10.97,11.18,11.42
2023-01-26,2166.92,13740.14,985.85,68.9573,74.9564,87.47000122070312,6.91,7.04,7.18,7.32,7.93,8.48,9.38,9.98,10.51,10.94,11.16,11.4
2023-01-31,2225.6,14094.58,1001.23,69.5927,75.7799,84.48999786376953,6.94,7.06,7.18,7.31,7.86,8.41,9.37,10.05,10.65,11.14,11.38,11.64
2023-02-01,2230.15,14116.52,1002.47,70.5174,76.3004,82.83999633789062,6.92,7.05,7.18,7.32,7.87,8.38,9.32,10.01,10.62,11.12,11.39,11.67
2023-02-02,2243.54,14166.61,1004.08,70.1217,76.2245,82.16999816894531,6.94,7.09,7.24,7.39,7.94,8.46,9.37,10.04,10.67,11.22,11.51,11.82
2023-02-07,2267.69,14345.76,1004.37,70.5991,76.0347,83.69000244140625,7.2,7.3,7.41,7.53,8.02,8.49,9.4,10.09,10.72,11.25,11.53,11.82
2023-02-08,2251.97,14250.05,981.82,70.8924,75.9087,85.08999633789062,7.23,7.31,7.42,7.54,8.05,8.56,9.48,10.15,10.73,11.21,11.46,11.72
2023-02-09,2262.45,14302.82,977.98,71.5763,76.8344,84.5,7.21,7.32,7.45,7.58,8.1,8.58,9.49,10.16,10.78,11.3,11.57,11.86
2023-02-14,2232.23,14107.57,952.85,73.6307,78.671,85.58000183105469,7.36,7.53,7.69,7.85,8.42,8.89,9.72,10.31,10.82,11.25,11.48,11.73
2023-02-15,2166.46,13719.7,914.94,73.8645,79.3355,85.37999725341797,7.4,7.58,7.75,7.91,8.48,8.91,9.67,10.26,10.82,11.32,11.59,11.89
2023-02-16,2153.96,13640.77,906.71,74.2077,79.5654,85.13999938964844,7.29,7.47,7.65,7.83,8.42,8.87,9.66,10.26,10.81,11.32,11.58,11.86
2023-02-21,2212.42,13995.43,928.98,74.0432,79.133,83.05000305175781,7.29,7.47,7.65,7.81,8.41,8.91,9.72,10.3,10.83,11.3,11.55,11.81
2023-02-28,2253.16,14238.74,946.23,75.4323,79.623,83.88999938964844,7.12,7.32,7.5,7.68,8.28,8.8,9.65,10.25,10.82,11.31,11.57,11.84
2023-03-01,2279.65,14410.79,955.81,74.8932,79.5134,84.30999755859375,7.31,7.44,7.58,7.72,8.28,8.78,9.64,10.27,10.86,11.33,11.57,11.83
2023-03-02,2254.3,14252.66,942.61,75.2513,80.1008,84.75,7.14,7.28,7.43,7.59,8.19,8.74,9.64,10.27,10.84,11.29,11.51,11.76
2023-03-14,2290.32,14461.32,957.88,75.4609,80.6102,77.44999694824219,7.45,7.52,7.62,7.73,8.26,8.78,9.68,10.3,10.84,11.26,11.46,11.69
2023-03-15,2262.07,14280.58,936.95,75.1927,80.5192,73.69000244140625,7.51,7.57,7.66,7.76,8.27,8.79,9.69,10.31,10.85,11.25,11.46,11.69
2023-03-16,2258.22,14275.03,927.3,75.7457,80.8763,74.69999694824219,7.51,7.56,7.65,7.76,8.32,8.88,9.79,10.37,10.84,11.17,11.34,11.53
2023-03-21,2398.15,15237.25,983.95,77.2422,82.3736,75.31999969482422,7.82,7.81,7.84,7.91,8.36,8.87,9.74,10.33,10.81,11.17,11.34,11.53
2023-03-22,2393.88,15200.37,980.02,76.8373,82.5428,76.69000244140625,7.8,7.8,7.84,7.92,8.37,8.85,9.71,10.29,10.79,11.15,11.33,11.53
2023-03-23,2388.35,15151.38,989.43,76.9561,82.967,75.91000366210938,7.79,7.81,7.85,7.93,8.37,8.84,9.69,10.27,10.77,11.14,11.33,11.53
2023-03-28,2442.19,15516.31,999.83,76.5662,82.2913,78.6500015258789,7.74,7.75,7.79,7.86,8.27,8.76,9.64,10.27,10.81,11.23,11.43,11.65
2023-03-29,2460.87,15613.66,1004.56,76.5939,82.775,78.27999877929688,7.74,7.72,7.75,7.81,8.24,8.74,9.65,10.28,10.81,11.21,11.4,11.63
2023-03-30,2465.93,15643.06,1006.43,76.9781,83.4859,79.2699966430664,7.77,7.75,7.77,7.83,8.25,8.75,9.66,10.29,10.83,11.24,11.44,11.66
2023-04-04,2480.45,15742.28,983.46,77.951,84.6185,84.94000244140625,7.41,7.5,7.62,7.74,8.29,8.83,9.73,10.36,10.88,11.27,11.46,11.68
2023-04-05,2500.8,15865.1,987.51,79.3563,86.7207,84.98999786376953,7.37,7.47,7.59,7.72,8.29,8.85,9.77,10.39,10.92,11.32,11.52,11.74
2023-04-06,2498.3,15849.28,967.11,79.4961,87.0954,85.12000274658203,7.36,7.47,7.59,7.73,8.3,8.85,9.76,10.39,10.93,11.35,11.56,11.8
2023-04-11,2533.69,16100.22,973.39,81.7441,89.1737,85.61000061035156,7.18,7.26,7.38,7.51,8.14,8.77,9.78,10.44,10.98,11.37,11.56,11.79
2023-04-12,2538.47,16141.65,975.46,82.1799,89.7271,87.33000183105469,7.17,7.24,7.35,7.48,8.1,8.73,9.76,10.43,10.99,11.4,11.6,11.83
2023-04-13,2544.28,16184.75,982.94,82.0934,89.7599,86.08999633789062,7.22,7.28,7.37,7.49,8.1,8.72,9.75,10.43,10.99,11.41,11.62,11.86
2023-04-18,2615.62,16629.82,1010.87,81.6279,89.659,84.7699966430664,7.21,7.24,7.32,7.43,8.02,8.67,9.74,10.44,11.02,11.46,11.68,11.93
2023-04-19,2606.55,16567.5,1004.59,81.6028,89.5713,83.12000274658203,7.2,7.19,7.25,7.34,7.96,8.63,9.74,10.43,11.0,11.41,11.61,11.84
2023-04-20,2637.85,16799.22,1018.6,81.6549,89.3736,81.0999984741211,7.28,7.23,7.26,7.34,7.94,8.63,9.75,10.44,10.98,11.37,11.57,11.79
2023-04-25,2626.86,16689.79,1013.87,81.2745,89.4589,80.7699966430664,7.29,7.31,7.37,7.46,8.0,8.6,9.66,10.39,11.01,11.48,11.71,11.97
2023-04-26,2620.33,16649.3,1011.06,81.5499,90.0332,77.69000244140625,7.18,7.19,7.25,7.35,7.92,8.56,9.65,10.38,10.99,11.44,11.65,11.9
2023-04-27,2646.18,16824.38,1024.44,81.6274,90.1436,78.37000274658203,7.23,7.26,7.33,7.44,7.98,8.58,9.61,10.33,10.93,11.37,11.59,11.85
2023-05-03,2532.42,16118.6,1008.49,79.9609,87.6556,72.33000183105469,7.39,7.39,7.43,7.5,7.97,8.52,9.55,10.28,10.92,11.42,11.67,11.94
2023-05-04,2524.51,16073.35,1018.72,79.3071,87.575,72.5,7.26,7.26,7.31,7.4,7.93,8.51,9.55,10.27,10.89,11.37,11.61,11.87
2023-05-11,2595.12,16492.0,1064.56,76.6929,84.1498,74.9800033569336,7.54,7.52,7.55,7.62,8.07,8.59,9.58,10.28,10.89,11.37,11.61,11.88
2023-05-16,2633.71,16775.02,1030.68,79.1004,86.0862,74.91000366210938,7.67,7.64,7.66,7.72,8.12,8.62,9.58,10.27,10.87,11.35,11.58,11.84
2023-05-17,2634.48,16771.54,1039.58,79.9798,87.1619,76.95999908447266,7.65,7.61,7.62,7.67,8.07,8.59,9.58,10.28,10.89,11.36,11.59,11.85
2023-05-18,2632.91,16788.19,1033.36,80.7642,87.5749,75.86000061035156,7.61,7.57,7.58,7.63,8.05,8.58,9.57,10.27,10.86,11.32,11.55,11.81
2023-05-23,2641.66,16879.45,1038.0,79.9379,86.4963,76.83999633789062,7.7,7.65,7.66,7.71,8.12,8.63,9.6,10.28,10.87,11.33,11.56,11.81
2023-05-24,2654.99,16958.66,1043.95,80.1665,86.5502,78.36000061035156,7.55,7.54,7.57,7.64,8.09,8.62,9.59,10.27,10.86,11.31,11.54,11.78
2023-05-25,2649.98,16922.53,1040.48,79.9669,86.1995,76.26000213623047,7.53,7.54,7.6,7.68,8.14,8.65,9.6,10.27,10.85,11.3,11.52,11.77
2023-05-30,2698.75,17241.45,1047.6,80.0555,85.9013,73.54000091552734,7.62,7.63,7.67,7.74,8.17,8.67,9.61,10.29,10.88,11.36,11.6,11.86
2023-05-31,2717.64,17382.12,1055.41,80.6872,86.5119,72.66000366210938,7.67,7.67,7.71,7.78,8.2,8.69,9.62,10.3,10.89,11.36,11.6,11.86
2023-06-01,2721.73,17422.54,1061.89,80.9942,86.5009,74.27999877929688,7.68,7.69,7.73,7.8,8.22,8.7,9.62,10.3,10.9,11.38,11.62,11.88
2023-06-06,2681.25,17089.06,1038.18,81.3294,87.0318,76.29000091552734,7.6,7.63,7.69,7.78,8.22,8.7,9.63,10.31,10.91,11.4,11.66,11.93
2023-06-07,2694.69,17168.55,1035.93,81.2502,86.9519,76.94999694824219,7.63,7.66,7.72,7.8,8.22,8.7,9.63,10.31,10.92,11.42,11.68,11.97
2023-06-08,2709.69,17256.98,1032.85,81.4581,87.1651,75.95999908447266,7.48,7.56,7.67,7.78,8.28,8.75,9.64,10.32,10.93,11.45,11.72,12.0
2023-06-14,2765.18,17604.39,1035.79,83.6405,90.3899,73.19999694824219,7.28,7.45,7.62,7.78,8.34,8.81,9.68,10.35,10.97,11.51,11.79,12.1
2023-06-15,2800.17,17824.45,1054.3,84.3249,91.0668,75.66999816894531,7.25,7.44,7.63,7.8,8.38,8.83,9.7,10.37,10.98,11.51,11.8,12.11
2023-06-20,2803.69,17800.4,1042.91,83.9866,91.7966,75.9000015258789,7.5,7.64,7.78,7.92,8.46,8.92,9.77,10.42,11.02,11.53,11.8,12.09
2023-06-21,2819.3,17871.59,1057.74,84.2336,92.0745,77.12000274658203,7.44,7.59,7.74,7.89,8.45,8.93,9.8,10.43,11.01,11.5,11.75,12.02
2023-06-22,2815.83,17840.42,1056.18,84.2467,92.0014,74.13999938964844,7.49,7.63,7.77,7.91,8.46,8.95,9.84,10.49,11.05,11.54,11.79,12.05
2023-06-27,2776.63,17564.12,1028.24,84.6642,92.2969,72.26000213623047,7.49,7.63,7.78,7.93,8.48,8.96,9.84,10.49,11.06,11.56,11.81,12.08
2023-06-28,2780.92,17593.99,1014.68,85.0504,93.1373,74.02999877929688,7.52,7.67,7.82,7.97,8.52,9.0,9.85,10.48,11.04,11.52,11.77,12.04
2023-06-29,2796.41,17694.45,1006.83,85.6192,93.8644,74.33999633789062,7.51,7.67,7.82,7.98,8.56,9.06,9.94,10.56,11.09,11.55,11.79,12.04
2023-07-05,2805.0,17728.27,969.33,89.545,97.7382,76.6500015258789,7.39,7.58,7.76,7.94,8.58,9.1,10.0,10.64,11.17,11.62,11.85,12.11
2023-07-06,2819.6,17832.8,970.93,90.338,98.4144,76.5199966430664,7.35,7.55,7.75,7.94,8.6,9.14,10.03,10.65,11.19,11.64,11.87,12.12
2023-07-11,2860.33,18096.0,997.64,91.4931,100.4155,79.4000015258789,7.52,7.72,7.91,8.09,8.73,9.25,10.13,10.73,11.23,11.65,11.88,12.12
2023-07-12,2896.83,18327.57,1004.98,90.5045,99.6775,80.11000061035156,7.4,7.63,7.84,8.05,8.73,9.29,10.15,10.72,11.2,11.62,11.84,12.06
2023-07-13,2885.63,18246.83,1008.56,90.6253,99.889,81.36000061035156,7.39,7.65,7.89,8.1,8.82,9.38,10.2,10.73,11.21,11.59,11.79,11.99
2023-07-18,2954.52,18654.43,1024.98,90.4217,101.6496,79.62999725341797,7.15,7.6,7.98,8.3,9.18,9.73,10.44,10.86,11.18,11.42,11.52,11.62
2023-07-19,2943.43,18587.43,1015.13,90.6906,102.0271,79.45999908447266,7.16,7.6,7.97,8.28,9.11,9.65,10.39,10.85,11.22,11.48,11.6,11.71
2023-07-20,2917.48,18431.57,1016.53,91.2046,102.4441,79.63999938964844,7.45,7.8,8.11,8.38,9.21,9.76,10.46,10.86,11.21,11.48,11.61,11.73
2023-07-25,2975.36,18789.48,1038.57,90.489,100.3614,83.63999938964844,7.65,7.9,8.14,8.36,9.08,9.62,10.37,10.83,11.21,11.53,11.7,11.88
2023-07-26,2970.42,18743.91,1038.74,90.0945,99.6918,82.91999816894531,7.71,7.99,8.25,8.47,9.13,9.62,10.33,10.8,11.2,11.51,11.66,11.82
2023-07-27,2987.85,18806.64,1039.04,90.0468,99.7156,84.23999786376953,7.76,8.09,8.37,8.6,9.24,9.71,10.39,10.83,11.2,11.49,11.62,11.77
2023-08-01,3093.64,19476.79,1055.79,91.5923,100.9428,84.91000366210938,7.68,8.07,8.4,8.67,9.37,9.83,10.48,10.89,11.21,11.43,11.51,11.58
2023-08-02,3106.46,19567.2,1040.15,91.7755,100.6988,83.19999694824219,7.76,8.23,8.61,8.91,9.59,9.98,10.53,10.9,11.17,11.32,11.36,11.4
2023-08-03,3147.8,19786.39,1046.57,92.841,101.9268,85.13999938964844,7.83,8.29,8.66,8.96,9.66,10.06,10.58,10.91,11.16,11.3,11.33,11.36
2023-08-08,3085.31,19420.09,999.8,96.5668,106.0543,86.16999816894531,7.88,8.41,8.83,9.16,9.94,10.32,10.77,11.04,11.25,11.37,11.41,11.44
2023-08-09,3099.52,19512.45,1004.72,96.0755,105.4352,87.55000305175781,7.83,8.44,8.9,9.26,10.06,10.42,10.84,11.1,11.29,11.39,11.42,11.44
2023-08-10,3148.86,19816.06,1017.71,97.3999,106.8897,86.4000015258789,7.92,8.54,9.01,9.36,10.1,10.44,10.85,11.11,11.3,11.39,11.4,11.41
2023-08-15,3115.25,19643.77,1010.19,101.0399,110.6847,84.88999938964844,10.53,10.56,10.6,10.63,10.76,10.89,11.1,11.24,11.36,11.41,11.44,11.49
2023-08-16,3049.46,19260.16,1014.61,97.4217,106.5736,83.44999694824219,10.17,10.21,10.25,10.29,10.48,10.67,10.96,11.14,11.27,11.36,11.41,11.46
2023-08-17,3059.02,19316.43,1028.93,96.7045,105.6591,84.12000274658203,10.8,10.53,10.39,10.32,10.41,10.62,10.96,11.13,11.23,11.29,11.32,11.38
2023-08-22,3164.25,19986.55,1057.56,94.1424,102.5719,84.02999877929688,10.53,10.36,10.28,10.25,10.4,10.62,10.98,11.19,11.35,11.44,11.48,11.54
2023-08-23,3146.2,19869.47,1051.15,94.1185,102.753,83.20999908447266,10.57,10.43,10.37,10.38,10.58,10.79,11.08,11.25,11.37,11.43,11.46,11.49
2023-08-24,3137.37,19808.9,1043.51,94.4421,102.2452,83.36000061035156,10.55,10.45,10.42,10.43,10.63,10.81,11.08,11.25,11.37,11.45,11.49,11.52
2023-08-29,3211.36,20289.96,1059.98,95.4717,103.2434,85.48999786376953,10.08,10.26,10.41,10.52,10.76,10.9,11.14,11.31,11.42,11.47,11.49,11.5
2023-08-30,3212.68,20305.32,1052.06,95.707,103.4765,85.86000061035156,10.31,10.38,10.45,10.51,10.71,10.86,11.14,11.34,11.47,11.56,11.61,11.68
2023-08-31,3227.99,20375.13,1059.17,95.9283,104.4496,86.86000061035156,10.4,10.48,10.55,10.62,10.82,10.99,11.25,11.4,11.47,11.52,11.55,11.61
2023-09-05,3264.43,20620.57,1050.99,96.6199,104.4171,90.04000091552734,11.01,11.37,11.53,11.58,11.6,11.59,11.58,11.57,11.54,11.52,11.52,11.53
2023-09-06,3245.47,20536.89,1038.58,97.5383,104.9043,90.5999984741211,11.53,11.82,11.91,11.92,11.83,11.77,11.72,11.69,11.67,11.67,11.68,11.68
2023-09-07,3169.07,20053.52,1014.05,97.8439,105.0789,89.91999816894531,11.87,11.96,12.04,12.09,12.18,12.17,12.05,11.94,11.81,11.7,11.65,11.61
2023-09-12,3165.92,20028.38,1049.65,96.5083,103.5332,92.05999755859375,11.9,11.88,11.87,11.86,11.82,11.79,11.76,11.73,11.65,11.58,11.55,11.54
2023-09-13,3148.32,19924.97,1030.65,94.7035,101.5646,91.87999725341797,12.04,12.02,12.0,11.99,11.95,11.91,11.83,11.75,11.66,11.6,11.57,11.54
2023-09-14,3139.49,19893.02,1018.31,95.9794,103.1066,93.69999694824219,12.27,12.24,12.21,12.18,12.08,11.99,11.85,11.75,11.64,11.57,11.54,11.5
2023-09-19,3083.85,19523.83,1003.35,96.6472,103.0945,94.33999633789062,12.14,12.12,12.11,12.09,12.03,11.98,11.88,11.8,11.73,11.68,11.65,11.62
2023-09-20,3068.15,19423.26,1002.54,96.2236,102.9211,93.52999877929688,12.19,12.21,12.2,12.19,12.08,11.97,11.84,11.78,11.72,11.67,11.64,11.62
2023-09-21,3019.22,19125.05,988.12,96.6172,103.3699,93.30000305175781,12.37,12.35,12.32,12.29,12.15,12.03,11.89,11.81,11.73,11.66,11.63,11.6
2023-09-26,3051.91,19258.94,998.49,96.1456,102.2453,93.95999908447266,12.26,12.4,12.44,12.42,12.22,12.07,11.96,11.9,11.83,11.76,11.72,11.7
2023-09-27,3067.61,19347.99,999.22,96.2378,101.9888,96.55000305175781,12.39,12.5,12.54,12.54,12.4,12.26,12.09,12.0,11.91,11.83,11.8,11.77
2023-09-28,3108.07,19617.3,1011.04,96.5,101.978,95.37999725341797,12.38,12.53,12.58,12.57,12.39,12.24,12.08,12.0,11.93,11.9,11.89,11.88
2023-10-03,3143.88,19886.26,993.74,98.4785,103.868,90.91999816894531,12.58,12.62,12.64,12.65,12.61,12.54,12.39,12.25,12.05,11.84,11.75,11.68
2023-10-04,3134.25,19831.84,991.35,99.2677,104.0621,85.80999755859375,12.16,12.4,12.56,12.66,12.72,12.6,12.34,12.17,12.01,11.88,11.82,11.77
2023-10-05,3131.76,19827.28,982.6,99.4555,104.3024,84.06999969482422,11.9,12.29,12.54,12.68,12.73,12.58,12.35,12.21,12.05,11.88,11.82,11.8
2023-10-10,3177.03,20092.37,996.56,101.3598,107.0322,87.6500015258789,11.55,12.17,12.46,12.59,12.54,12.41,12.26,12.18,12.12,12.11,12.11,12.1
2023-10-11,3194.12,20233.84,1005.24,99.9349,105.6864,85.81999969482422,11.65,12.28,12.51,12.57,12.44,12.32,12.18,12.1,12.03,12.02,12.04,12.05
2023-10-12,3174.66,20137.35,1026.42,99.9808,105.9544,86.0,11.6,12.22,12.45,12.51,12.39,12.27,12.15,12.08,12.04,12.05,12.06,12.04
2023-10-17,3247.15,20611.07,1046.79,97.2865,102.52,89.9000015258789,11.77,11.91,12.04,12.15,12.43,12.46,12.4,12.35,12.31,12.27,12.25,12.23
2023-10-18,3249.21,20654.83,1051.17,97.3458,102.7527,91.5,11.99,12.08,12.15,12.22,12.38,12.44,12.43,12.38,12.31,12.25,12.23,12.2
2023-10-19,3255.16,20700.78,1056.54,97.3724,102.9059,92.37999725341797,11.89,12.02,12.12,12.21,12.42,12.48,12.46,12.4,12.32,12.25,12.21,12.18
2023-10-24,3265.01,20769.13,1102.37,94.7081,100.303,88.06999969482422,12.52,12.49,12.46,12.44,12.41,12.39,12.36,12.32,12.27,12.22,12.19,12.16
2023-10-25,3265.28,20774.54,1103.6,93.5224,99.5534,90.12999725341797,12.46,12.44,12.43,12.43,12.45,12.43,12.38,12.35,12.33,12.32,12.31,12.31
2023-10-26,3223.89,20519.55,1084.78,93.1507,98.6543,87.93000030517578,13.4,13.38,13.35,13.3,13.04,12.75,12.43,12.3,12.19,12.1,12.04,11.98
2023-10-31,3200.97,20406.85,1079.88,93.2435,98.6164,87.41000366210938,13.05,12.99,12.95,12.91,12.72,12.46,12.22,12.19,12.23,12.32,12.4,12.5
2023-11-01,3206.52,20452.27,1088.42,92.0226,97.9345,84.62999725341797,13.02,12.93,12.84,12.75,12.43,12.25,12.1,12.07,12.09,12.18,12.25,12.33
2023-11-02,3197.22,20401.05,1079.82,93.2801,98.4365,86.8499984741211,13.1,12.85,12.65,12.49,12.1,11.94,11.9,11.95,12.03,12.12,12.19,12.25
2023-11-08,3245.43,20628.26,1113.03,92.4151,98.7863,79.54000091552734,12.76,12.52,12.32,12.15,11.72,11.58,11.58,11.66,11.77,11.86,11.9,11.93
2023-11-09,3239.92,20596.81,1108.87,92.1973,98.4403,80.01000213623047,12.66,12.38,12.16,11.99,11.64,11.52,11.58,11.7,11.82,11.92,11.98,12.04
2023-11-14,3212.39,20495.89,1116.97,92.1185,98.5314,82.47000122070312,12.71,12.41,12.18,12.03,11.79,11.75,11.81,11.88,11.94,11.99,12.03,12.06
2023-11-15,3215.11,20479.26,1134.24,91.257,97.7781,81.18000030517578,12.46,12.28,12.14,12.05,11.87,11.77,11.76,11.82,11.89,11.96,11.99,12.02
2023-11-16,3189.08,20309.71,1129.22,89.4565,97.1334,77.41999816894531,12.77,12.27,12.02,11.9,11.8,11.76,11.75,11.78,11.8,11.8,11.79,11.76
2023-11-21,3218.48,20447.83,1154.39,88.4954,96.6597,82.44999694824219,12.46,11.94,11.72,11.64,11.57,11.53,11.57,11.65,11.72,11.75,11.73,11.71
2023-11-22,3230.65,20545.52,1151.94,87.8701,96.2561,81.95999908447266,12.55,11.94,11.64,11.51,11.47,11.52,11.61,11.67,11.72,11.75,11.75,11.74
2023-11-23,3221.05,20508.12,1148.97,88.1648,96.1475,81.37000274658203,13.5,12.26,11.74,11.54,11.51,11.57,11.64,11.69,11.72,11.74,11.75,11.74
2023-11-28,3196.36,20358.76,1128.61,88.7045,97.1594,81.68000030517578,13.3,12.05,11.58,11.43,11.49,11.53,11.59,11.65,11.71,11.74,11.75,11.75
2023-11-29,3173.52,20208.52,1128.01,88.6102,97.0659,83.0999984741211,13.51,12.17,11.66,11.5,11.56,11.6,11.64,11.69,11.74,11.77,11.78,11.78
2023-11-30,3165.79,20215.07,1115.01,88.8841,97.6503,82.83000183105469,14.18,13.06,12.61,12.42,12.13,11.85,11.7,11.78,11.88,11.92,11.92,11.9
2023-12-05,3129.33,20022.54,1066.13,90.6728,98.5768,77.19999694824219,14.24,13.02,12.51,12.32,12.18,12.06,11.99,12.02,12.07,12.09,12.08,12.07
2023-12-06,3079.5,19705.77,1045.28,91.5823,99.134,74.30000305175781,14.38,13.11,12.57,12.36,12.24,12.13,12.06,12.1,12.15,12.19,12.21,12.23
2023-12-07,3073.63,19686.33,1051.21,92.7826,100.1353,74.05000305175781,14.64,13.17,12.56,12.33,12.27,12.21,12.15,12.17,12.21,12.25,12.27,12.28
2023-12-12,3019.89,19366.69,1056.02,90.9846,98.0769,73.23999786376953,14.52,13.32,12.79,12.57,12.46,12.43,12.41,12.43,12.45,12.47,12.48,12.49
2023-12-13,3032.22,19454.1,1062.67,90.2158,97.403,74.26000213623047,14.69,13.44,12.89,12.66,12.52,12.49,12.48,12.49,12.52,12.55,12.56,12.57
2023-12-14,3008.84,19281.56,1055.45,89.8926,96.95,76.61000061035156,14.39,13.33,12.79,12.53,12.34,12.35,12.36,12.37,12.38,12.39,12.4,12.4
2023-12-19,3083.64,19651.59,1074.4,90.4162,98.7578,79.2300033569336,14.53,13.4,12.72,12.32,11.84,11.79,11.81,11.83,11.85,11.87,11.87,11.87
2023-12-20,3104.66,19762.76,1075.11,90.087,98.5764,79.69999694824219,14.43,13.37,12.67,12.23,11.63,11.62,11.77,11.86,11.93,12.0,12.03,12.07
2023-12-21,3073.57,19576.2,1051.87,90.4056,99.048,79.38999938964844,13.85,12.82,12.35,12.15,11.97,11.91,11.88,11.89,11.9,11.91,11.92,11.93
2023-12-26,3094.72,19713.18,1063.05,91.969,101.5781,81.06999969482422,13.22,12.6,12.28,12.13,12.05,12.03,12.01,12.02,12.03,12.05,12.05,12.05
2023-12-27,3097.49,19735.52,1068.71,91.7069,101.1178,79.6500015258789,12.78,12.72,12.65,12.59,12.4,12.15,11.9,11.84,11.8,11.74,11.68,11.62
2023-12-28,3101.99,19775.86,1090.93,91.7051,101.3451,78.38999938964844,11.73,12.35,12.66,12.78,12.51,12.05,11.75,11.8,11.86,11.84,11.77,11.64
2024-01-10,3164.7,20121.15,1115.51,90.404,98.9825,76.80000305175781,13.65,13.49,13.35,13.23,12.77,12.3,11.88,11.83,11.89,12.04,12.16,12.29
2024-01-11,3181.25,20209.97,1131.92,89.3939,97.8745,77.41000366210938,14.12,13.68,13.35,13.12,12.61,12.23,12.01,12.05,12.15,12.2,12.21,12.2
2024-01-16,3179.45,20149.66,1141.33,87.6772,96.0682,78.29000091552734,13.68,13.55,13.44,13.34,12.83,12.23,11.71,11.69,11.89,12.34,12.73,13.26
2024-01-17,3185.23,20190.16,1129.77,87.6457,95.6007,77.87999725341797,13.53,13.23,12.99,12.83,12.47,12.15,11.83,11.77,11.91,12.36,12.79,13.38
2024-01-18,3178.85,20166.28,1124.98,88.354,96.0531,79.0999984741211,13.47,13.3,13.17,13.07,12.69,12.24,11.73,11.58,11.6,11.92,12.3,12.92
2024-01-23,3175.74,20138.8,1130.09,87.9724,95.8854,79.55000305175781,13.47,13.36,13.27,13.18,12.74,12.2,11.67,11.57,11.69,12.13,12.6,13.33
2024-01-24,3162.41,20058.0,1124.09,87.9199,95.8266,80.04000091552734,13.38,13.3,13.23,13.16,12.76,12.21,11.65,11.54,11.62,12.0,12.45,13.22
2024-01-25,3157.74,20012.19,1119.39,88.2829,96.1657,82.43000030517578,13.3,13.24,13.19,13.14,12.79,12.25,11.68,11.53,11.58,11.93,12.37,13.18
2024-01-30,3196.08,20232.04,1122.53,89.609,96.9777,82.87000274658203,13.46,13.39,13.32,13.26,12.87,12.34,11.77,11.6,11.64,12.03,12.54,13.51
2024-01-31,3214.19,20364.13,1125.63,89.2887,96.7895,81.70999908447266,13.49,13.38,13.3,13.23,12.9,12.47,11.95,11.75,11.71,11.96,12.39,13.31
2024-02-01,3229.89,20490.24,1124.67,89.6678,97.1149,78.69999694824219,13.52,13.43,13.36,13.3,12.97,12.49,11.94,11.75,11.74,12.04,12.52,13.48
2024-02-06,3238.4,20541.74,1119.01,91.2434,98.2279,78.58999633789062,13.68,13.59,13.5,13.42,12.98,12.45,11.88,11.73,11.82,12.31,12.93,14.04
2024-02-07,3256.58,20684.33,1124.71,90.6842,97.444,79.20999908447266,13.79,13.68,13.59,13.49,13.02,12.49,11.94,11.8,11.9,12.42,13.07,14.22
2024-02-08,3241.81,20585.39,1124.94,91.1514,98.0936,81.62999725341797,13.88,13.77,13.68,13.57,13.08,12.51,11.92,11.78,11.9,12.47,13.15,14.33
2024-02-13,3254.6,20591.1,1123.08,91.0758,98.1512,82.7699966430664,14.13,13.99,13.85,13.7,13.05,12.45,11.92,11.84,11.99,12.57,13.28,14.5
2024-02-14,3258.14,20601.91,1122.52,91.2057,98.1917,81.5999984741211,14.32,14.15,13.98,13.81,13.13,12.55,12.02,11.93,12.09,12.66,13.32,14.43
2024-02-15,3265.63,20609.36,1113.65,91.4316,97.8133,82.86000061035156,14.26,14.04,13.85,13.69,13.15,12.66,12.14,12.03,12.17,12.76,13.43,14.55
2024-02-20,3207.49,20211.66,1093.57,92.4102,99.4889,82.33999633789062,14.17,14.08,13.98,13.87,13.29,12.69,12.17,12.11,12.25,12.73,13.33,14.38
2024-02-21,3139.5,19843.9,1068.09,92.349,99.5589,83.02999877929688,14.31,14.2,14.09,13.98,13.42,12.83,12.22,12.08,12.2,12.73,13.36,14.4
2024-02-27,3208.99,20242.91,1097.34,92.6321,100.1776,83.6500015258789,14.25,14.14,14.04,13.92,13.36,12.82,12.29,12.18,12.28,12.76,13.35,14.37
2024-02-28,3227.05,20366.93,1114.87,92.0425,99.9214,83.68000030517578,13.59,13.6,13.6,13.58,13.28,12.82,12.38,12.28,12.31,12.56,12.96,13.84
2024-02-29,3256.8,20579.6,1127.32,91.8692,99.45,83.62000274658203,14.02,13.96,13.89,13.79,13.25,12.71,12.23,12.16,12.3,12.79,13.37,14.4
2024-03-05,3300.89,20879.79,1147.64,91.3534,99.1061,82.04000091552734,14.38,14.24,14.1,13.96,13.41,12.99,12.63,12.57,12.66,13.0,13.34,13.86
2024-03-06,3310.58,20956.53,1151.68,91.1604,98.9366,82.95999908447266,14.5,14.34,14.19,14.03,13.43,12.97,12.6,12.59,12.73,13.03,13.28,13.59
2024-03-12,3332.6,21082.36,1144.53,90.6252,99.1317,81.91999816894531,14.43,14.34,14.25,14.13,13.59,13.15,12.76,12.69,12.76,13.07,13.38,13.81
2024-03-13,3320.68,20987.51,1142.39,90.8818,99.3561,84.02999877929688,14.54,14.48,14.4,14.28,13.68,13.19,12.8,12.76,12.86,13.19,13.5,13.93
2024-03-14,3297.0,20855.87,1133.12,91.5449,100.1869,85.41999816894531,14.88,14.77,14.64,14.49,13.82,13.3,12.87,12.82,12.95,13.34,13.7,14.19
2024-03-19,3264.97,20589.03,1111.56,91.9829,100.2432,87.37999725341797,15.26,15.08,14.9,14.69,13.87,13.31,12.9,12.92,13.17,13.74,14.22,14.83
2024-03-20,3267.1,20589.12,1113.87,92.2243,100.1047,85.94999694824219,15.22,15.08,14.93,14.75,13.97,13.4,12.93,12.89,13.06,13.57,14.04,14.69
2024-03-21,3286.69,20718.81,1124.53,92.6861,100.6139,85.77999877929688,15.29,15.1,14.9,14.68,13.81,13.23,12.83,12.88,13.17,13.76,14.25,14.87
2024-03-26,3285.54,20683.7,1116.21,92.7761,100.3651,86.25,15.07,14.83,14.6,14.37,13.6,13.15,12.87,12.95,13.19,13.56,13.83,14.16
2024-03-27,3304.09,20780.43,1129.95,92.5745,100.4121,86.08999633789062,14.98,14.77,14.57,14.37,13.64,13.18,12.88,12.94,13.16,13.55,13.84,14.17
2024-03-28,3312.77,20825.9,1128.26,92.5919,100.2704,87.4800033569336,15.12,14.87,14.63,14.4,13.65,13.19,12.91,13.0,13.26,13.68,13.97,14.29
2024-04-02,3371.29,21163.53,1147.95,92.2914,99.5661,88.91999816894531,14.89,14.74,14.6,14.44,13.81,13.35,13.04,13.08,13.3,13.74,14.09,14.52
2024-04-03,3395.59,21323.14,1157.39,92.5254,99.4116,89.3499984741211,14.78,14.64,14.5,14.35,13.77,13.36,13.06,13.11,13.35,13.83,14.21,14.68
2024-04-04,3407.57,21430.46,1163.76,92.3892,99.4277,90.6500015258789,14.79,14.66,14.52,14.37,13.8,13.41,13.16,13.23,13.48,13.94,14.31,14.76
2024-04-09,3414.26,21523.57,1158.44,92.581,100.2236,89.41999816894531,14.7,14.6,14.5,14.37,13.85,13.49,13.24,13.29,13.5,13.95,14.34,14.85
2024-04-10,3439.11,21703.34,1159.39,92.7463,100.7473,90.4800033569336,14.92,14.79,14.66,14.51,13.93,13.55,13.31,13.37,13.59,14.06,14.46,14.97
2024-04-11,3439.53,21713.82,1162.36,93.2198,101.2333,89.73999786376953,14.93,14.76,14.61,14.47,13.98,13.63,13.35,13.36,13.56,14.04,14.46,15.02
2024-04-16,3462.94,21843.81,1155.46,93.5891,99.7934,90.0199966430664,14.87,14.63,14.44,14.32,14.01,13.68,13.38,13.37,13.51,13.86,14.17,14.57
2024-04-17,3454.07,21800.57,1154.28,94.0742,99.9341,87.29000091552734,15.22,14.87,14.58,14.35,13.81,13.5,13.31,13.4,13.65,14.0,14.24,14.5
2024-04-18,3455.82,21788.28,1160.6,94.3242,100.2787,87.11000061035156,15.26,14.9,14.61,14.39,13.84,13.47,13.22,13.26,13.41,13.63,13.77,13.94
2024-04-23,3439.42,21680.95,1163.5,93.2519,99.3648,88.41999816894531,15.05,14.83,14.64,14.48,14.01,13.66,13.37,13.34,13.42,13.63,13.8,14.0
2024-04-24,3428.93,21626.07,1171.06,93.2918,99.5609,88.0199966430664,15.02,14.87,14.73,14.58,14.01,13.65,13.38,13.37,13.44,13.61,13.72,13.84
2024-04-25,3439.76,21674.17,1178.69,92.5058,98.9118,89.01000213623047,14.95,14.85,14.75,14.63,14.15,13.79,13.51,13.51,13.61,13.81,13.95,14.12
2024-04-26,3449.77,21746.84,1186.79,92.1314,98.7079,89.5,14.8,14.75,14.7,14.62,14.22,13.83,13.53,13.52,13.61,13.81,13.97,14.2
2024-05-07,3427.61,21556.63,1185.0,91.3124,98.473,83.16000366210938,15.04,15.01,14.95,14.86,14.37,14.0,13.72,13.69,13.73,13.91,14.12,14.44
2024-05-14,3463.93,21752.16,1194.63,91.633,98.8486,82.37999725341797,15.02,15.01,14.98,14.92,14.6,14.37,14.12,14.01,13.94,13.98,14.1,14.4
2024-05-15,3470.72,21770.6,1200.49,91.3591,98.6682,82.75,14.92,14.88,14.84,14.79,14.63,14.48,14.26,14.13,14.02,13.96,14.02,14.25
2024-05-16,3486.26,21875.38,1207.94,91.2573,98.8267,83.2699966430664,14.83,14.81,14.79,14.77,14.63,14.49,14.27,14.14,14.01,13.93,13.96,14.13
2024-05-21,3428.38,21427.62,1199.26,90.6537,98.5842,82.87999725341797,15.03,15.06,15.07,15.07,14.96,14.8,14.53,14.35,14.2,14.06,14.01,14.03
2024-05-22,3444.64,21517.13,1203.6,90.4082,98.2971,81.9000015258789,14.97,15.08,15.18,15.23,15.18,15.0,14.71,14.53,14.37,14.23,14.17,14.19
2024-05-23,3442.79,21509.81,1204.89,90.1887,97.8989,81.36000061035156,14.98,15.1,15.22,15.31,15.39,15.22,14.88,14.67,14.5,14.34,14.26,14.24
2024-05-28,3302.91,20563.55,1174.75,88.6852,96.3034,84.22000122070312,15.31,15.54,15.74,15.84,15.8,15.54,15.13,14.9,14.73,14.56,14.45,14.33
2024-05-29,3318.03,20688.75,1167.72,88.4375,96.2383,83.5999984741211,15.08,15.36,15.6,15.74,15.8,15.52,15.09,14.89,14.75,14.64,14.57,14.5
2024-05-30,3282.18,20457.59,1150.88,89.2589,96.891,81.86000061035156,15.13,15.37,15.59,15.73,15.81,15.59,15.23,15.06,14.96,14.85,14.78,14.71
2024-06-04,3186.93,19774.76,1131.34,89.3755,96.8721,77.5199966430664,14.88,15.37,15.64,15.77,15.7,15.41,15.0,14.79,14.62,14.46,14.37,14.3
2024-06-05,3212.24,19946.93,1140.37,88.7574,96.563,78.41000366210938,14.99,15.48,15.75,15.89,15.79,15.47,15.02,14.79,14.61,14.45,14.37,14.3
2024-06-06,3192.38,19804.86,1131.97,88.7436,96.4443,79.87000274658203,14.96,15.36,15.61,15.75,15.78,15.52,15.05,14.78,14.57,14.39,14.3,14.2
2024-06-18,3114.15,19244.43,1127.16,89.0499,95.3906,85.33000183105469,15.7,16.24,16.56,16.72,16.64,16.29,15.78,15.51,15.31,15.17,15.1,15.03
2024-06-20,3123.43,19240.69,1151.93,82.6282,89.0914,85.70999908447266,15.54,16.01,16.34,16.56,16.78,16.56,16.0,15.61,15.29,15.03,14.9,14.76
2024-06-25,3111.39,19149.19,1123.04,87.373,94.0759,85.01000213623047,15.28,15.76,16.08,16.28,16.4,16.13,15.58,15.25,14.99,14.74,14.61,14.49
2024-06-26,3151.7,19439.74,1130.73,87.277,93.7347,85.25,15.59,16.06,16.36,16.53,16.54,16.21,15.62,15.28,15.01,14.8,14.68,14.55
2024-06-27,3150.32,19427.78,1168.05,87.8064,94.1131,86.38999938964844,15.89,16.37,16.64,16.76,16.61,16.21,15.63,15.33,15.11,14.93,14.83,14.73
2024-07-02,3217.29,19987.4,1151.82,87.2972,93.9582,86.23999786376953,15.55,16.05,16.34,16.48,16.41,16.08,15.58,15.32,15.12,14.95,14.86,14.79
2024-07-03,3203.07,19930.97,1147.28,87.9921,93.695,87.33999633789062,15.53,16.05,16.36,16.53,16.53,16.22,15.71,15.43,15.22,15.1,15.03,14.94
2024-07-09,3054.07,19068.98,1093.26,88.1688,95.6624,84.66000366210938,15.33,16.04,16.48,16.74,16.84,16.52,15.98,15.69,15.46,15.26,15.16,15.06
2024-07-10,2975.75,18564.63,1067.01,88.0031,95.3447,85.08000183105469,15.68,16.42,16.82,17.02,16.9,16.48,15.92,15.64,15.44,15.3,15.24,15.17
2024-07-11,2992.21,18592.42,1071.29,87.8551,95.3206,85.4000015258789,15.95,16.65,17.03,17.2,17.04,16.61,16.03,15.74,15.52,15.37,15.29,15.21
2024-07-16,2944.86,18360.38,1050.83,87.8077,95.7849,83.7300033569336,14.83,15.71,16.31,16.71,17.19,17.02,16.54,16.24,16.02,15.83,15.72,15.61
2024-07-17,2947.24,18411.07,1054.01,88.2824,96.2637,85.08000183105469,15.13,15.88,16.39,16.73,17.15,16.95,16.36,15.97,15.67,15.42,15.29,15.13
2024-07-18,2980.62,18778.68,1068.51,88.0872,96.3046,85.11000061035156,15.22,15.69,16.04,16.3,16.76,16.73,16.32,15.97,15.67,15.42,15.27,15.1
2024-07-23,3028.01,19107.12,1092.67,87.7805,95.7591,81.01000213623047,15.88,16.41,16.75,16.96,17.07,16.77,16.18,15.82,15.53,15.28,15.16,15.05
2024-07-24,3051.76,19254.91,1110.77,87.299,95.4598,81.70999908447266,16.08,16.49,16.75,16.9,16.9,16.61,16.07,15.76,15.5,15.3,15.2,15.1
2024-07-25,3041.37,19151.74,1121.76,86.5502,94.3758,82.37000274658203,16.61,16.89,17.08,17.2,17.28,17.07,16.57,16.22,15.92,15.66,15.51,15.37
2024-07-30,2944.78,18634.54,1074.56,86.5554,94.1381,78.62999725341797,16.28,16.8,17.09,17.23,17.09,16.7,16.15,15.87,15.68,15.53,15.44,15.35
2024-07-31,2942.68,18604.91,1076.55,86.33,93.2947,80.72000122070312,16.11,16.53,16.8,16.96,17.02,16.71,16.1,15.72,15.42,15.18,15.04,14.89
2024-08-01,2935.69,18549.24,1078.07,86.1091,93.5149,79.5199966430664,16.16,16.52,16.77,16.93,17.06,16.82,16.22,15.79,15.45,15.16,14.99,14.81
2024-08-06,2830.75,17872.46,1047.09,84.9471,93.0409,76.4800033569336,16.47,16.72,16.89,16.99,17.01,16.73,16.06,15.56,15.1,14.72,14.52,14.31
2024-08-07,2874.94,18138.09,1053.66,85.1646,93.0265,78.33000183105469,16.4,16.59,16.72,16.81,16.82,16.57,15.92,15.39,14.89,14.42,14.16,13.91
2024-08-08,2852.51,17997.03,1038.1,85.9543,93.8419,79.16000366210938,16.62,16.76,16.85,16.9,16.83,16.54,15.85,15.31,14.78,14.28,14.02,13.77
2024-08-13,2884.6,18159.19,980.7,89.9475,96.6852,80.69000244140625,16.65,16.86,16.96,16.97,16.66,16.21,15.54,15.21,14.99,14.79,14.66,14.52
2024-08-14,2871.11,18085.59,1004.9,92.6592,100.559,79.76000213623047,16.98,17.23,17.32,17.31,16.91,16.46,15.87,15.58,15.37,15.24,15.17,15.07
2024-08-15,2838.11,17879.64,1006.88,90.0055,100.3139,81.04000091552734,16.92,17.1,17.2,17.25,17.12,16.8,16.15,15.72,15.36,15.05,14.88,14.69
2024-08-20,2768.42,17418.44,961.6,89.5428,98.9355,77.19999694824219,16.94,17.23,17.39,17.46,17.26,16.84,16.16,15.77,15.45,15.19,15.06,14.91
2024-08-21,2768.14,17433.99,951.1,90.6944,100.204,76.05000305175781,17.06,17.32,17.47,17.55,17.4,17.0,16.25,15.77,15.37,15.04,14.87,14.68
2024-08-22,2725.75,17201.27,940.61,91.6862,101.9508,77.22000122070312,16.39,17.41,17.9,18.08,17.65,17.02,16.29,15.95,15.67,15.44,15.33,15.25
2024-08-27,2730.38,17270.25,940.23,91.7745,102.4927,79.55000305175781,17.27,17.88,18.17,18.24,17.77,17.17,16.45,16.09,15.82,15.6,15.49,15.41
2024-08-28,2699.98,17092.58,930.12,91.4807,102.2911,78.6500015258789,17.06,17.7,18.05,18.18,17.85,17.27,16.49,16.1,15.79,15.54,15.41,15.28
2024-08-29,2708.27,17190.41,932.88,91.4449,102.0798,79.94000244140625,17.4,17.92,18.22,18.35,18.11,17.55,16.68,16.18,15.78,15.5,15.37,15.22
2024-09-03,2524.38,16103.22,897.44,90.0013,99.2613,73.75,17.61,18.07,18.32,18.41,18.05,17.44,16.53,16.03,15.61,15.25,15.07,14.9
2024-09-04,2605.15,16559.45,922.85,88.6118,97.8121,72.69999694824219,17.51,17.99,18.25,18.36,18.02,17.38,16.38,15.8,15.33,14.93,14.72,14.5
2024-09-05,2621.62,16680.96,920.65,88.9288,98.0725,72.69000244140625,17.28,17.74,18.04,18.2,18.1,17.55,16.43,15.7,15.08,14.55,14.27,13.97
2024-09-10,2671.38,16968.84,923.63,90.3853,99.9067,69.19000244140625,17.39,17.71,17.91,18.0,17.83,17.33,16.4,15.78,15.26,14.82,14.6,14.38
2024-09-11,2668.03,16958.55,920.93,91.1127,100.4995,70.61000061035156,17.56,17.95,18.19,18.32,18.2,17.7,16.71,16.07,15.52,15.08,14.86,14.62
2024-09-12,2615.0,16615.08,904.16,91.2653,100.7421,71.97000122070312,18.4,18.56,18.64,18.66,18.38,17.86,16.85,16.13,15.48,14.97,14.73,14.49
2024-09-17,2774.04,17648.83,955.8,91.1423,101.2789,73.69999694824219,18.69,18.8,18.86,18.87,18.62,18.16,17.19,16.46,15.75,15.15,14.84,14.54
2024-09-18,2751.73,17496.54,945.61,91.4292,101.5057,73.6500015258789,18.51,18.62,18.69,18.71,18.54,18.15,17.27,16.54,15.81,15.16,14.81,14.47
2024-09-19,2758.91,17560.59,937.6,91.6712,102.039,74.87999725341797,18.43,18.54,18.6,18.62,18.49,18.14,17.3,16.58,15.8,15.06,14.66,14.25
2024-09-24,2871.96,18344.88,974.27,92.92,103.2191,75.16999816894531,18.63,18.71,18.75,18.76,18.55,18.13,17.21,16.45,15.68,14.95,14.56,14.15
2024-09-25,2830.11,18077.65,965.0,92.8622,103.41,73.45999908447266,18.88,18.94,18.97,18.96,18.68,18.21,17.24,16.48,15.73,15.03,14.66,14.28
2024-09-26,2829.65,18070.77,964.64,92.388,103.4758,71.5999984741211,19.03,19.08,19.09,19.07,18.79,18.34,17.37,16.58,15.78,15.04,14.64,14.23
2024-10-01,2814.19,17940.36,949.6,93.2221,104.1735,73.55999755859375,19.5,19.52,19.51,19.47,19.12,18.62,17.6,16.8,16.02,15.32,14.93,14.52
2024-10-02,2766.79,17642.81,922.28,93.3581,103.6502,73.9000015258789,19.76,19.77,19.76,19.71,19.33,18.81,17.78,16.98,16.18,15.45,15.07,14.68
2024-10-03,2782.39,17763.39,922.39,94.5054,104.4481,77.62000274658203,19.75,19.82,19.84,19.82,19.47,18.92,17.8,16.94,16.13,15.44,15.09,14.74
2024-10-08,2788.37,17782.02,913.97,96.0649,105.3069,77.18000030517578,19.44,19.58,19.66,19.7,19.55,19.13,18.12,17.27,16.39,15.56,15.12,14.69
2024-10-09,2748.81,17510.68,893.19,96.1079,105.6891,76.58000183105469,19.31,19.44,19.52,19.56,19.44,19.05,18.08,17.22,16.3,15.44,15.0,14.58
2024-10-10,2761.54,17592.27,894.64,96.9483,106.4175,79.4000015258789,19.17,19.31,19.4,19.44,19.34,18.96,18.0,17.14,16.23,15.35,14.9,14.46
2024-10-15,2805.79,17867.6,911.11,96.1021,105.4854,74.25,18.96,19.14,19.28,19.36,19.36,19.02,18.02,17.14,16.24,15.41,14.98,14.55
2024-10-16,2783.46,17739.48,901.58,97.0121,105.6757,74.22000122070312,18.89,19.1,19.24,19.34,19.37,19.04,18.08,17.21,16.3,15.48,15.06,14.64
2024-10-17,2763.53,17608.93,896.12,97.2568,106.0844,74.44999694824219,19.04,19.24,19.39,19.48,19.47,19.09,18.05,17.14,16.25,15.47,15.07,14.66
2024-10-22,2755.19,17613.83,898.57,96.0924,104.4016,76.04000091552734,19.57,19.81,19.97,20.05,19.95,19.44,18.15,17.06,16.03,15.19,14.79,14.36
2024-10-23,2734.93,17479.5,891.54,96.5918,104.866,74.95999908447266,19.7,19.98,20.16,20.27,20.17,19.66,18.34,17.24,16.17,15.28,14.83,14.37
2024-10-24,2718.42,17378.33,885.22,96.6379,104.3815,74.37999725341797,20.53,20.77,20.92,20.98,20.75,20.14,18.71,17.55,16.42,15.46,14.99,14.5
2024-10-29,2599.66,16603.62,841.45,97.23,105.2229,71.12000274658203,20.54,20.73,20.84,20.9,20.72,20.19,18.91,17.81,16.68,15.68,15.15,14.59
2024-10-30,2615.38,16710.83,848.92,97.3261,105.4375,72.55000305175781,21.72,21.81,21.85,21.83,21.39,20.71,19.26,18.08,16.89,15.83,15.28,14.7
2024-10-31,2560.2,16386.94,831.27,97.053,105.2211,73.16000366210938,21.68,21.75,21.77,21.74,21.3,20.62,19.2,18.04,16.84,15.76,15.2,14.62
2024-11-01,2574.71,16463.95,832.4,97.0226,105.5231,73.0999984741211,21.65,21.71,21.71,21.67,21.25,20.59,19.2,18.04,16.82,15.74,15.18,14.6
2024-11-06,2662.87,17067.19,854.03,98.0562,106.8883,74.91999816894531,21.9,21.87,21.79,21.67,20.95,20.06,18.41,17.18,16.0,14.96,14.42,13.86
2024-11-07,2690.63,17276.29,864.26,98.2236,105.7086,75.62999725341797,21.9,21.85,21.76,21.62,20.88,20.0,18.38,17.14,15.91,14.83,14.28,13.73
2024-11-12,2756.76,17629.46,886.56,97.955,104.8522,71.88999938964844,21.48,21.45,21.38,21.27,20.57,19.72,18.12,16.91,15.71,14.69,14.17,13.66
2024-11-13,2763.99,17666.49,885.18,97.9559,104.2533,72.27999877929688,21.61,21.57,21.49,21.36,20.63,19.74,18.09,16.88,15.72,14.74,14.23,13.69
2024-11-14,2697.47,17222.98,858.19,98.3657,104.2901,72.55999755859375,21.73,21.68,21.57,21.43,20.64,19.72,18.09,16.9,15.76,14.79,14.3,13.82
2024-11-19,2630.51,16744.57,828.38,99.943,105.4606,73.30999755859375,21.51,21.49,21.42,21.32,20.7,19.9,18.4,17.27,16.18,15.21,14.71,14.21
2024-11-20,2596.89,16522.91,816.29,100.0348,105.7338,72.80999755859375,21.87,21.84,21.76,21.63,20.89,20.0,18.42,17.3,16.3,15.45,15.01,14.53
2024-11-21,2568.6,16404.6,803.7,100.2192,105.809,74.2300033569336,21.93,21.87,21.77,21.62,20.83,19.91,18.33,17.23,16.23,15.39,14.96,14.51
2024-11-26,2464.35,15784.91,738.93,103.7908,108.8705,72.80999755859375,22.89,22.73,22.52,22.28,21.18,20.09,18.4,17.3,16.33,15.56,15.17,14.79
2024-11-27,2491.88,15998.79,726.78,105.0604,110.4943,72.83000183105469,22.91,22.74,22.54,22.31,21.27,20.22,18.5,17.33,16.29,15.42,14.97,14.52
2024-12-03,2539.64,16361.6,753.42,107.1758,112.8019,73.62000274658203,23.27,23.04,22.8,22.54,21.44,20.35,18.54,17.26,16.06,15.05,14.53,13.97
2024-12-04,2485.62,16009.74,751.2,106.1878,112.02,72.30999755859375,23.62,23.36,23.07,22.78,21.55,20.4,18.54,17.27,16.09,15.11,14.6,14.06
2024-12-05,2510.83,16187.17,765.08,104.2361,110.2041,72.08999633789062,23.58,23.3,23.0,22.69,21.4,20.2,18.34,17.13,16.07,15.25,14.83,14.35
2024-12-10,2522.75,16279.42,794.46,99.3759,105.0996,72.19000244140625,22.85,22.65,22.42,22.17,21.07,20.0,18.26,17.08,16.04,15.2,14.77,14.3
2024-12-11,2512.54,16213.55,766.44,100.0324,106.2024,73.5199966430664,23.15,22.95,22.73,22.47,21.36,20.28,18.57,17.46,16.51,15.79,15.43,15.01
2024-12-12,2492.63,16098.81,755.39,103.2707,108.5588,73.41000366210938,22.88,22.69,22.46,22.21,21.12,20.08,18.44,17.36,16.41,15.66,15.29,14.89
2024-12-17,2377.15,15268.05,727.06,102.9125,108.7016,73.19000244140625,22.67,22.55,22.38,22.2,21.32,20.39,18.72,17.47,16.21,15.0,14.35,13.73
2024-12-18,2409.35,15457.21,738.5,102.9979,108.3444,73.38999938964844,22.41,22.35,22.24,22.1,21.35,20.49,18.86,17.58,16.23,14.94,14.24,13.56
2024-12-19,2416.45,15485.36,736.06,102.7763,108.5083,72.87999725341797,20.28,20.25,20.19,20.09,19.49,18.77,17.45,16.45,15.42,14.43,13.9,13.37
2024-12-24,2690.96,17290.96,848.79,101.6143,105.2512,73.58000183105469,18.33,18.33,18.3,18.24,17.88,17.44,16.58,15.91,15.21,14.52,14.15,13.8
2024-12-26,2766.57,17814.68,878.3,99.6125,103.9416,73.26000213623047,17.49,17.59,17.64,17.67,17.56,17.29,16.65,16.08,15.43,14.75,14.36,13.99
2024-12-27,2757.45,17748.82,864.09,99.2295,103.2997,74.16999816894531,18.55,18.58,18.57,18.53,18.15,17.67,16.83,16.21,15.57,14.92,14.55,14.2
